journal,jgroup,n
Zenodo (CERN European Organization for Nuclear Research),other,364
NA,unknown,207
Animal Sentience,welfare,95
Scientific Reports,other,88
World Literature Today,other,81
Animals,other,77
PLoS ONE,other,65
Current Biology,other,57
DOAJ (DOAJ: Directory of Open Access Journals),other,56
Journal of Insects as Food and Feed,entomology,56
Journal of Ethnopharmacology,other,48
Sustainability,other,48
American Entomologist,other,47
Aquaculture,other,45
Insects,entomology,42
Foods,other,39
Toxicon,other,39
Food Quality and Preference,other,37
Educational Media Reviews Online,other,34
Frontiers in Psychology,other,34
CHEST Journal,other,33
Applied Animal Behaviour Science,welfare,31
Animal Frontiers,other,30
Fourth Genre Explorations in Nonfiction,other,30
PubMed,other,28
ISLE Interdisciplinary Studies in Literature and Environment,other,27
The Science of The Total Environment,other,27
Journal of Experimental Biology,other,26
Frontiers in Physiology,other,25
BioScience,other,24
People and Nature,other,23
American book review/The American book review,other,22
Figshare,other,22
Conservation Biology,other,21
Frontiers in Marine Science,other,21
International Journal For Multidisciplinary Research,other,21
M/C Journal,other,20
Malaria Journal,other,20
Cureus,other,19
Emergency Medicine News,other,19
African Arts,other,18
Pleiades,other,18
Biophysical Journal,other,17
Institutional Repositories DataBase (IRDB),other,17
Leonardo,other,17
Urban forestry & urban greening,other,17
Annals of Allergy Asthma & Immunology,other,16
Biological Conservation,other,16
International Journal of Molecular Sciences,other,16
Environmental Science and Pollution Research,other,15
Frontiers in Microbiology,other,15
Parasites & Vectors,other,15
The Lancet,other,15
Dialnet (Universidad de la Rioja),other,14
Dialogue A Journal of Mormon Thought,other,14
Ecological Indicators,other,14
Fish & Shellfish Immunology,other,14
Frontiers in Sustainable Food Systems,other,14
Marine Policy,other,14
Nature,multidisciplinary,14
PLoS neglected tropical diseases,other,14
Reviews in Aquaculture,other,14
Aquaculture Reports,other,13
DergiPark (Istanbul University),other,13
Frontiers in Public Health,other,13
Frontiers in Veterinary Science,other,13
Journal of Insect Conservation,other,13
Tikkun,other,13
Veterinary Record,other,13
American Literary Realism,other,12
Animal Welfare,welfare,12
Applied Sciences,other,12
Aquaculture International,other,12
Gastronomica The Journal of Food and Culture,other,12
New England review,other,12
Philosophical Transactions of the Royal Society B Biological Sciences,other,12
Prairie schooner,other,12
Proceedings of the National Academy of Sciences,multidisciplinary,12
Psychiatric News,other,12
Science,multidisciplinary,12
UTTAR PRADESH JOURNAL OF ZOOLOGY,other,12
World Social Psychiatry,other,12
Carolina Digital Repository (University of North Carolina at Chapel Hill),other,11
Current Opinion in Insect Science,entomology,11
Food Research International,other,11
IEEE Access,other,11
Indian Journal of Psychiatry,other,11
International Journal of Environmental Research and Public Health,other,11
International Journal of Epidemiology,other,11
International Journal of Physical Education Sports and Health,other,11
Journal of Applied Ecology,other,11
Journal of Medical Entomology,other,11
Nature Communications,other,11
PeerJ,other,11
The FASEB Journal,other,11
The Scriblerian and the Kit-Cats,other,11
Animal Behaviour,other,10
Biology,other,10
Ecology and Evolution,other,10
Egyptian Journal of Aquatic Biology and Fisheries,other,10
Essays in Criticism,other,10
European Journal of Public Health,other,10
Forest Ecology and Management,other,10
International Journal of Advanced Biochemistry Research,other,10
International Journal of Homoeopathic Sciences,other,10
International Journal of Surgery Global Health,other,10
International Journal of Tropical Insect Science,other,10
Journal of Advances and Scholarly Researches in Allied Education,other,10
Journal of Emergency Medicine,other,10
Journal of Environmental Management,other,10
Journal of Film and Video,other,10
LA Referencia (Red Federada de Repositorios Institucionales de Publicaciones Científicas),other,10
Neotropical Entomology,other,10
The Lancet Infectious Diseases,other,10
Trends in Food Science & Technology,other,10
Utah Historical Quarterly,other,10
Utopian Studies,other,10
Zoo Biology,other,10
American Journal of Theology & Philosophy,other,9
Aquaculture Nutrition,other,9
BMC Public Health,other,9
BMJ Open,other,9
Caderno Verde de Agroecologia e Desenvolvimento Sustentável,other,9
Forests,other,9
Frontiers in Behavioral Neuroscience,other,9
Frontiers in Ecology and the Environment,other,9
Frontiers in Medicine,other,9
Frontiers in Psychiatry,other,9
Indian Journal of Otolaryngology and Head & Neck Surgery,other,9
Journal of Animal Science,other,9
Journal of science and medicine in sport,other,9
Journal of the American Academy of Child & Adolescent Psychiatry,other,9
Molecules,other,9
NOVEL A Forum on Fiction,other,9
Poultry Science,other,9
Proceedings of the Royal Society B Biological Sciences,other,9
The American Journal of Medicine,other,9
Theatre Journal,other,9
Urban Ecosystems,other,9
eScholarship (California Digital Library),other,9
The Missouri review,other,9
Advanced Functional Materials,other,8
American Literature,other,8
Appetite,other,8
Biological reviews/Biological reviews of the Cambridge Philosophical Society,other,8
British Food Journal,other,8
CR The New Centennial Review,other,8
Digital Commons - RISD (Rhode Island School of Design),other,8
Ecosystem Services,other,8
F1000Research,other,8
Fishes,other,8
Frontiers in Ecology and Evolution,other,8
Frontiers in Immunology,other,8
Homœopathic Links,other,8
Journal for Nature Conservation,other,8
Journal of Animal Ethics,other,8
Journal of Apicultural Research,other,8
Journal of Emerging Technologies and Innovative Research,other,8
Journal of Family Medicine and Primary Care,other,8
Journal of Food Science,other,8
Journal of Visualized Experiments,other,8
Journal of Zoological and Botanical Gardens,other,8
Neural Regeneration Research,other,8
PLoS Biology,other,8
Pathogens,other,8
Studia Prawnicze / The Legal Studies,other,8
Studies in American Humor,other,8
The American Biology Teacher,other,8
The Pediatric Infectious Disease Journal,other,8
The Slavonic and East European Review,other,8
Veterinary Parasitology,other,8
Voices in Bioethics,other,8
animal,other,8
Acta Tropica,other,7
Annals of Emergency Medicine,other,7
Annals of the Entomological Society of America,other,7
Aquaculture Research,other,7
Biochemical Pharmacology,other,7
Biodiversitas Journal of Biological Diversity,other,7
Brain,other,7
Bulletin of the Ecological Society of America,other,7
Clinical Infectious Diseases,other,7
Cognition & Emotion,other,7
Cream city review,other,7
Developmental & Comparative Immunology,other,7
DigitalCommons (California Polytechnic State University),other,7
Diplomatic History,other,7
Diversity,other,7
Environmental Research,other,7
Environmental Research Letters,other,7
Environmental Toxicology and Chemistry,other,7
European Heart Journal,other,7
Fisheries Research,other,7
Future Foods,other,7
Heliyon,other,7
International Journal for Research in Applied Science and Engineering Technology,other,7
International Journal of Advanced Research in Science Communication and Technology,other,7
International Journal of Gastronomy and Food Science,other,7
International Journal of Infectious Diseases,other,7
International Journal of Science and Research (IJSR),other,7
International Journal of Social Science and Human Research,other,7
JMM (Jurnal Masyarakat Mandiri),other,7
Journal of Agricultural and Environmental Ethics,other,7
Journal of Allergy and Clinical Immunology,other,7
Journal of American History,other,7
Journal of Animal Physiology and Animal Nutrition,other,7
Journal of Economic Entomology,other,7
Journal of Entomology and Zoology Studies,other,7
Journal of Minimally Invasive Gynecology,other,7
Journal of Vision,other,7
Journal of the American Academy of Dermatology,other,7
Knowable Magazine,other,7
Microorganisms,other,7
Neuroscience & Biobehavioral Reviews,other,7
Nigerian Journal of Animal Production,other,7
Oral Surgery Oral Medicine Oral Pathology and Oral Radiology,other,7
PLANT ARCHIVES,other,7
Pest Management Science,other,7
Philology Theory & Practice,other,7
Style,other,7
The Hearing Journal,other,7
The Indian Journal of Medical Research,other,7
The New Scientist,other,7
Toxics,other,7
Työväentutkimus Vuosikirja,other,7
The Hopkins review/Hopkins review,other,7
The Sewanee review,other,7
Acta Physiologica,other,6
Agriculture,other,6
Agriculture Ecosystems & Environment,other,6
American Music,other,6
Animal Cognition,other,6
Annals of Indian Academy of Neurology,other,6
Anthrozoös,other,6
Ascendens Asia Journal of Multidisciplinary Research Abstracts,other,6
Behavioural Brain Research,other,6
Biology Letters,other,6
Chemical Engineering Journal,other,6
Chemosphere,other,6
Comparative Literature Studies,other,6
Directory of Open access Books (OAPEN Foundation),other,6
Educational Administration Theory and Practice journal,other,6
Entomologia Experimentalis et Applicata,other,6
Environmental Pollution,other,6
Environmental Science & Technology,other,6
European Psychiatry,other,6
Food Science and Technology,other,6
Frontiers for Young Minds,other,6
Frontiers in Animal Science,other,6
Frontiers in Cellular and Infection Microbiology,other,6
International Journal of English Literature and Social Sciences,other,6
International journal of applied research,other,6
International journal of research and scientific innovation,other,6
JAAPA,other,6
Journal of American Folklore,other,6
Journal of Drug Delivery and Therapeutics,other,6
Journal of Environmental Horticulture,other,6
Journal of Invertebrate Pathology,other,6
Journal of Medical Science And clinical Research,other,6
Journal of Sport History,other,6
Marine Pollution Bulletin,other,6
Medicine,other,6
Multimedia Tools and Applications,other,6
Neurology India,other,6
Nutrients,other,6
PAJ A Journal of Performance and Art,other,6
Pakistan Journal of Medical and Health Sciences,other,6
Past & Present,other,6
Pathology,other,6
Pediatrics in Review,other,6
PhilPapers (PhilPapers Foundation),other,6
QED A Journal in GLBTQ Worldmaking,other,6
Qui Parle,other,6
Royal Society Open Science,other,6
SELAPARANG Jurnal Pengabdian Masyarakat Berkemajuan,other,6
SLEEP,other,6
Schizophrenia Bulletin,other,6
Sensors,other,6
ShodhKosh Journal of Visual and Performing Arts,other,6
Singapore Medical Journal,other,6
Social Sciences & Humanities Open,other,6
Springer Link (Chiba Institute of Technology),other,6
The Edgar Allan Poe Review,other,6
The Journal of Southern History,other,6
The Lancet Planetary Health,other,6
The Pluralist,other,6
Voprosy kul turologii (Issues of Cultural Studies),other,6
Water,other,6
ACCENT JOURNAL OF  ECONOMICS ECOLOGY  & ENGINEERING,other,5
ACSMʼs Health & Fitness Journal,other,5
American Anthropologist,other,5
Anesthesia & Analgesia,other,5
Anesthesiology,other,5
Annals of Animal Science,other,5
Annals of the Rheumatic Diseases,other,5
Archives of Current Research International,other,5
BJPsych Open,other,5
BMC Infectious Diseases,other,5
BMC Veterinary Research,other,5
Behavioural Processes,other,5
Biodiversity and Conservation,other,5
Biology & Philosophy,other,5
Biology Open,other,5
Computers and Electronics in Agriculture,other,5
"Computers, materials & continua/Computers, materials & continua (Print)",other,5
Conservation and Society,other,5
Current Opinion in Behavioral Sciences,other,5
Current Zoology,other,5
Dissent,other,5
Ecology Environment and Conservation,other,5
Ecotone,other,5
Ecotoxicology and Environmental Safety,other,5
Energy and Buildings,other,5
Environmental Entomology,other,5
Environmental Humanities,other,5
Evolution,other,5
Expert Systems with Applications,other,5
French Studies,other,5
Frontiers in Neurology,other,5
Frontiers in Sustainable Cities,other,5
Frontiers in Systems Neuroscience,other,5
Global Change Biology,other,5
Global Ecology and Conservation,other,5
Indian Dermatology Online Journal,other,5
International Journal of Advanced Research,other,5
International Journal of Current Microbiology and Applied Sciences,other,5
International Journal of Food Science & Technology,other,5
International Journal of Hydrogen Energy,other,5
International Journal of Psychosocial Rehabilitation,other,5
JURNAL KREATIVITAS PENGABDIAN KEPADA MASYARAKAT (PKM),other,5
Journal for ReAttach Therapy and Developmental Diversities,other,5
Journal of Anxiety Disorders,other,5
Journal of Applied Sport Psychology,other,5
Journal of Attention Disorders,other,5
Journal of Behavior Therapy and Experimental Psychiatry,other,5
Journal of Cleaner Production,other,5
Journal of Ethnobiology and Ethnomedicine,other,5
Journal of Experimental Marine Biology and Ecology,other,5
Journal of Marine Science and Engineering,other,5
Journal of Mormon History,other,5
Journal of Roi Kaensarn Academi,other,5
Journal of the World Aquaculture Society,other,5
Jurnal Perikanan Unram,other,5
Land,other,5
Limnology and Oceanography Bulletin,other,5
Marine Drugs,other,5
Medical Research Archives,other,5
Metamorphosis,other,5
Microbial Pathogenesis,other,5
Microbiology Spectrum,other,5
NeuroSci,other,5
Neuroscience Letters,other,5
Neurotoxicology and Teratology,other,5
Occupational Medicine,other,5
Ocean & Coastal Management,other,5
Oncology Times,other,5
Parasitology Research,other,5
Plants,other,5
Plastic & Reconstructive Surgery,other,5
Problems of Particularly Dangerous Infections,other,5
Protein & Cell,other,5
Psychophysiology,other,5
PubVet,other,5
QJM,other,5
Regional Studies in Marine Science,other,5
Research Online (University of Wollongong),other,5
Roczniki Nauk Prawnych,other,5
SMART MOVES JOURNAL IJELLH,other,5
Scholarly Commons (University of the Pacific),other,5
"TPM Testing, psychometrics, methodology in applied psychology",other,5
The American Journal of Emergency Medicine,other,5
The Arthur Miller Journal,other,5
The Cambridge Quarterly,other,5
The Eugene O Neill Review,other,5
The Journal of English and Germanic Philology,other,5
The Journal of Interdisciplinary History,other,5
The Philosophical Review,other,5
Toxins,other,5
Transplantation,other,5
UiTM Institutional Repositories (Universiti Teknologi MARA),other,5
Veterinary Parasitology Regional Studies and Reports,other,5
Veterinary Sciences,other,5
Veterinary World,other,5
Viruses,other,5
Western American literature,other,5
Zoophilologica,other,5
Науковий вісник Львівського національного університету ветеринарної медицини та біотехнологій імені С.З. Ґжицького,other,5
ABDIMAS TALENTA Jurnal Pengabdian Kepada Masyarakat,other,4
ACADEMIA International Journal for Social Sciences,other,4
ACTA SCIENTIAE VETERINARIAE,other,4
Abdimas Jurnal Pengabdian Masyarakat Universitas Merdeka Malang,other,4
Afterimage,other,4
Agricultural Reviews,other,4
Allergy,other,4
Animal Production Science,other,4
Annales de Dermatologie et de Vénéréologie,other,4
Annals of Global Health,other,4
Antioxidants,other,4
Antipodes,other,4
Apollo (University of Cambridge),other,4
Applied Neuropsychology Child,other,4
Aquatic Toxicology,other,4
Asian Journal of Biology,other,4
Bee World,other,4
Behavioral Sciences,other,4
Behavioral and Brain Sciences,other,4
Biochemical and Biophysical Research Communications,other,4
Biomimetics,other,4
Bookbird/Book bird,other,4
Brazilian Journal of Biology,other,4
Buildings,other,4
CCS Chemistry,other,4
"CSUSB ScholarWorks (California State University, San Bernardino)",other,4
Cherkasy University Bulletin: Philological Sciences,other,4
Child Psychiatry & Human Development,other,4
Children's Literature Association quarterly,other,4
Chinese Medical Journal,other,4
Clinical Toxicology,other,4
Communications in Humanities Research,other,4
Comparative Biochemistry and Physiology Part B Biochemistry and Molecular Biology,other,4
Comparative Biochemistry and Physiology Part C Toxicology & Pharmacology,other,4
Conservation Science and Practice,other,4
Critical Quarterly,other,4
Cultural Politics an International Journal,other,4
Current World Environment,other,4
Digital Commons - USU (Utah State University),other,4
Digital Commons - University of South Florida (University of South Florida),other,4
Dignity A Journal of Analysis of Exploitation and Violence,other,4
Discover Sustainability,other,4
Disease Models & Mechanisms,other,4
EXPLORE,other,4
Early American literature,other,4
Ecology and Society,other,4
Electronics,other,4
Environment International,other,4
European Journal of Integrative Medicine,other,4
European Journal of Internal Medicine,other,4
European Neuropsychopharmacology,other,4
Fisheries,other,4
Focus on Catalysts,other,4
Food and Chemical Toxicology,other,4
Food and Energy Security,other,4
Frontiers in Forests and Global Change,other,4
Frontiers in Nutrition,other,4
Gait & Posture,other,4
Genes,other,4
HEALTH SCIENCES AND DISEASE,other,4
Harmful Algae,other,4
Humanities and Social Sciences Communications,other,4
Hygiene and Sanitation,other,4
ICES Journal of Marine Science,other,4
Indian Journal of Critical Care Medicine,other,4
Indian Journal of Ophthalmology,other,4
Indian Journal of Science and Technology,other,4
Infectious Diseases of Poverty,other,4
Informatica,other,4
Insect Conservation and Diversity,other,4
Integrated Environmental Assessment and Management,other,4
Integrative and Comparative Biology,other,4
Intelligent Decision Technologies,other,4
Interdisciplinary Literary Studies,other,4
International Journal of Agriculture Extension and Social Development,other,4
International Journal of Allied Medical Sciences and Clinical Research,other,4
International Journal of Ayurveda and Pharma Research,other,4
International Journal of Biological Macromolecules,other,4
International Journal of Community Medicine and Public Health,other,4
International Journal of Intelligent Systems and Applications in Engineering,other,4
International Journal of Mosquito Research,other,4
International Journal of Physical Education & Sports Sciences,other,4
International Journal of Research Publication and Reviews,other,4
International Journal of Research and Innovation in Applied Science,other,4
International Journal of Research and Innovation in Social Science,other,4
International Journal of Science and Research Archive,other,4
International Research Journal of Modernization in Engineering Technology and Science,other,4
International journal of medical science and pharmaceutical research.,other,4
Intisari Sains Medis,other,4
Jagiellonian University Repository (Jagiellonian University),other,4
Journal of Advances in Biology & Biotechnology,other,4
Journal of Applied and Natural Science,other,4
Journal of Biological Education,other,4
Journal of Biological Research - Bollettino della Società Italiana di Biologia Sperimentale,other,4
Journal of Clinical Medicine,other,4
Journal of Consciousness Studies,other,4
Journal of Electrical Systems,other,4
Journal of Energy Chemistry,other,4
Journal of Fish Diseases,other,4
Journal of Forestry,other,4
Journal of Graduate Medical Education,other,4
Journal of Information Systems Engineering & Management,other,4
Journal of Investigative Dermatology,other,4
Journal of Neuroscience,other,4
Journal of Oceanology and Limnology,other,4
Journal of Pharmaceutical Research International,other,4
Journal of Population Therapeutics and Clinical Pharmacology,other,4
Journal of Shellfish Research,other,4
Journal of Stored Products Research,other,4
Journal of The Royal Society Interface,other,4
Journal of Veterinary Behavior,other,4
Journal of Vietnamese Studies,other,4
Journal of Virology,other,4
Journal of Zoo and Wildlife Medicine,other,4
Journal of the American Association for Laboratory Animal Science,other,4
Journal of the Hellenic Veterinary Medical Society,other,4
Journals & Books Hosting (International Knowledge Sharing Platform),other,4
Jurnal Pengabdian Magister Pendidikan IPA,other,4
Jurnal Sosial Ekonomi Kelautan dan Perikanan,other,4
Knowledge-Based Systems,other,4
Labor Studies in Working-Class History of the Americas,other,4
Landscape and Urban Planning,other,4
Marine Biology,other,4
Mānoa/Mānoa,other,4
Medical Science Educator,other,4
Nature Ecology & Evolution,other,4
NeuroImage,other,4
NeuroToxicology,other,4
Neuropharmacology,other,4
Oriental Pharmacy and Experimental Medicine,other,4
Osteoarthritis and Cartilage,other,4
Pacific Coast Philology,other,4
Pesticide Biochemistry and Physiology,other,4
Pharmaceuticals,other,4
Records of the Zoological Survey of India,other,4
Religions,other,4
Religious Studies Review,other,4
Research Society and Development,other,4
Research in Veterinary Science,other,4
Resilience A Journal of the Environmental Humanities,other,4
Resources for American Literary Study,other,4
School for International Training Digital Collections (School for International Training),other,4
Small,other,4
Smart Agricultural Technology,other,4
South African Journal of Botany,other,4
Student s Journal of Health Research Africa,other,4
Studia Prawnoustrojowe,other,4
Studies in American naturalism,other,4
Thalassas An International Journal of Marine Sciences,other,4
The American Journal of the Medical Sciences,other,4
The Biochemist,other,4
The International Journal of Neuropsychopharmacology,other,4
The Journal of Allergy and Clinical Immunology In Practice,other,4
The Journal of East-West Comparative Literature,other,4
The Polish Review,other,4
The Scientific Issues of Ternopil Volodymyr Hnatiuk National Pedagogical University Series pedagogy,other,4
Toxicology Letters,other,4
Twentieth Century Literature,other,4
Vantage Journal of Thematic Analysis,other,4
WBI Studies Repository,other,4
Waste and Biomass Valorization,other,4
Wilderness and Environmental Medicine,other,4
World Journal of Clinical Cases,other,4
Yearbook of International Environmental Law,other,4
iScience,other,4
The French review,other,4
ASAP/journal,other,3
Advances in Agriculture,other,3
Advances in Economics Management and Political Sciences,other,3
Aesthetic Plastic Surgery,other,3
Africa Research Bulletin Economic Financial and Technical Series,other,3
African American Review,other,3
Agricultural History,other,3
Alfred Nobel University Journal of Philoligy,other,3
Allergologie select,other,3
American Journal of Clinical Dermatology,other,3
American Journal of Hospice and Palliative Medicine®,other,3
American Journal of Kidney Diseases,other,3
"American Journal of Language, Literacy and Learning in STEM Education (2993-2769)",other,3
American Journal of Respiratory and Critical Care Medicine,other,3
American Journal of Sustainable Cities and Society,other,3
American Journal of Tropical Medicine and Hygiene,other,3
Anaesthesia,other,3
Angewandte Chemie,other,3
Angewandte Chemie International Edition,other,3
Animal Behaviour and Welfare Cases,other,3
Animal Research and One Health,other,3
Annales de Toxicologie Analytique,other,3
Annals of Agricultural and Environmental Medicine,other,3
Annals of Applied Biology,other,3
Applied Catalysis B: Environmental,other,3
Applied Food Research,other,3
Aquacultura Indonesiana,other,3
Aquatic Conservation Marine and Freshwater Ecosystems,other,3
Archives of Dermatological Research,other,3
Archives of Insect Biochemistry and Physiology,other,3
Asian Economic Policy Review,other,3
Asian Journal of Research in Infectious Diseases,other,3
Asian Journal of Research in Social Sciences and Humanities,other,3
Australian Journal of Psychology,other,3
Azalea,other,3
BIOTROPIA,other,3
BMC Genomics,other,3
BMC Health Services Research,other,3
Basic and Applied Ecology,other,3
Behavior Research Methods,other,3
Behavioral Ecology and Sociobiology,other,3
Behaviour,other,3
Behaviour Research and Therapy,other,3
BioControl,other,3
BioMed Research International,other,3
Biologia,other,3
Biological Control,other,3
Biological Psychology,other,3
Biosemiotics,other,3
Biosystems,other,3
Brain Sciences,other,3
Brain and Behavior,other,3
Brazilian Journal of Microbiology,other,3
Bulgarian Portal for Open Science,other,3
Bulletin of Ugric studies,other,3
CABI Reviews,other,3
CGSPace A Repository of Agricultural Research Outputs (Consultative Group for International Agricultural Research),other,3
Cadernos de Saúde Pública,other,3
Carbohydrate Polymers,other,3
Caring for the Ages,other,3
Civil War Book Review,other,3
Clinical & Experimental Allergy,other,3
Clinical Child Psychology and Psychiatry,other,3
Clinical and Translational Allergy,other,3
Companion animal,other,3
Comparative Cognition & Behavior Reviews,other,3
Conservation Letters,other,3
Conservation Physiology,other,3
Contagion Journal of Violence Mimesis and Culture,other,3
Creative Saplings,other,3
Critical Reviews in Food Science and Nutrition,other,3
Crop Protection,other,3
CrossCurrents,other,3
Data Archiving and Networked Services (DANS),other,3
Deep Blue (University of Michigan),other,3
Developmental Biology,other,3
Discover Agriculture,other,3
ECSOFIM (Economic and Social of Fisheries and Marine)/ECSOFiM (Economic and Social of Fisheries and Marine),other,3
EDIS,other,3
EFSA Journal,other,3
Ecological Economics,other,3
Ecological Entomology,entomology,3
Ecosphere,other,3
Ecosystems and People,other,3
Edith Wharton Review,other,3
Egyptian Journal of Chemistry,other,3
"Emotion, space and society",other,3
Energy storage materials,other,3
Engineering Applications of Artificial Intelligence,other,3
English Language Notes,other,3
Environment and History,other,3
Environment and Social Psychology,other,3
Environmental DNA,other,3
Environmental Education Research,other,3
Environmental Epidemiology,other,3
Environmental and Resource Economics,other,3
Environmental and Sustainability Indicators,other,3
Epidemiology and Vaccinal Prevention,other,3
Ethics Medicine and Public Health,other,3
Ethiopian International Journal of Multidisciplinary Research,other,3
Ethology,other,3
European Scientific Journal ESJ,other,3
Expert Systems,other,3
FEBS Letters,other,3
Fish and Fisheries,other,3
Food Hygiene and Safety Science (Shokuhin Eiseigaku Zasshi),other,3
Food Policy,other,3
Food Security,other,3
Food and Agricultural Immunology,other,3
Food and Humanity,other,3
Frontiers in Aquaculture,other,3
Frontiers in Conservation Science,other,3
Frontiers in Environmental Science,other,3
Frontiers in Human Neuroscience,other,3
Frontiers in Insect Science,other,3
Frontiers in Ocean Sustainability,other,3
Frontiers in Parasitology,other,3
Frontiers in Pediatrics,other,3
Frontiers in Pharmacology,other,3
Frontiers in Science,other,3
Frontiers in Sociology,other,3
Frontiers in Virtual Reality,other,3
GLQ A Journal of Lesbian and Gay Studies,other,3
Genetics,other,3
Global Environmental Politics,other,3
HAL (Le Centre pour la Communication Scientifique Directe),other,3
Health Science Reports,other,3
Healthcare,other,3
Human Brain Mapping,other,3
Humanimalia,other,3
Hydrobiologia,other,3
IAES International Journal of Artificial Intelligence,other,3
IEEE Sensors Journal,other,3
IIUM Medical Journal Malaysia,other,3
ILAR Journal,other,3
INTERNATIONAL JOURNAL OF SCIENTIFIC RESEARCH,other,3
Indian Journal of Anaesthesia,other,3
Indian Pediatrics Case Reports,other,3
Indonesian Journal of Cultural and Community Development,other,3
Information,other,3
Inorganic Chemistry Communications,other,3
Insect Science,other,3
Instars: A Journal of Student Research,other,3
International Archives of Allergy and Immunology,other,3
International Journal of Academic Research in Business and Social Sciences,other,3
International Journal of Advances in Medicine,other,3
International Journal of Chemical Studies,other,3
International Journal of Contemporary Pediatrics,other,3
International Journal of Emergency Medicine,other,3
International Journal of Environment and Climate Change,other,3
International Journal of Environmental Sciences,other,3
International Journal of Fauna and Biological Studies,other,3
International Journal of Fisheries and Aquatic Studies,other,3
International Journal of High Speed Electronics and Systems,other,3
International Journal of Hospitality Management,other,3
International Journal of Innovative Science and Research Technology (IJISRT),other,3
International Journal of Physiology Nutrition and Physical Education,other,3
International Journal of Physiology Sports and Physical Education,other,3
International Journal of Research Publications,other,3
International Journal of Research in Agronomy,other,3
International Journal of Science Education,other,3
International Journal of Social Science Humanity & Management Research,other,3
International Journal of TROPICAL DISEASE & Health,other,3
International Journal of Tamil Language and Literary Studies,other,3
International Journal of Zoological Investigations,other,3
International Medical Case Reports Journal,other,3
Iowa State University Digital Repository (Iowa State University),other,3
Italian Americana,other,3
Italian Journal of Animal Science,other,3
Italian Journal of Food Safety,other,3
JAST Jurnal Aplikasi Sains dan Teknologi,other,3
JMIR Research Protocols,other,3
JOURNAL OF CLINICAL AND DIAGNOSTIC RESEARCH,other,3
Journal Of Advanced Zoology,other,3
Journal for the Study of Radicalism,other,3
Journal of Aesthetics and Art Criticism,other,3
Journal of African Economies,other,3
Journal of Agricultural and Food Chemistry,other,3
Journal of Agromedicine,other,3
Journal of Analytical Psychology,other,3
Journal of Animal Behaviour and Biometeorology,other,3
Journal of Animal Ecology,other,3
Journal of Apicultural Science,other,3
Journal of Applied Animal Ethics Research,other,3
Journal of Asia-Pacific Pop Culture,other,3
Journal of Burn Care & Research,other,3
Journal of Cell Science,other,3
Journal of Child Psychology and Psychiatry,other,3
Journal of Clinical Nursing,other,3
Journal of Computer-Mediated Communication,other,3
Journal of Consumer Marketing,other,3
Journal of Daylighting,other,3
Journal of Ecology,other,3
Journal of Entomological Research,other,3
Journal of Environmental Biology,other,3
Journal of Environmental Psychology,other,3
Journal of Equine Veterinary Science,other,3
Journal of Ethnobiology,other,3
Journal of Experimental Child Psychology,other,3
Journal of Fisheries and Marine Sciences Education,other,3
Journal of Functional Foods,other,3
Journal of Fungi,other,3
Journal of Infection and Public Health,other,3
Journal of Insect Science,other,3
Journal of Integrated Pest Management,other,3
Journal of Intelligent & Fuzzy Systems,other,3
Journal of Intelligent Computing System,other,3
Journal of International Crisis and Risk Communication Research,other,3
Journal of Mammalogy,other,3
Journal of Medical Evidence,other,3
Journal of Neurophysiology,other,3
Journal of Neurotrauma,other,3
Journal of Paediatrics and Child Health,other,3
Journal of Pest Science,other,3
Journal of Pharmacognosy and Phytochemistry,other,3
Journal of Power Sources,other,3
Journal of Propulsion Technology,other,3
Journal of Student Research,other,3
Journal of Survey in Fisheries Sciences,other,3
Journal of The Institution of Engineers (India) Series B,other,3
Journal of Travel Medicine,other,3
Journal of Urban Ecology,other,3
Journal of Veterinary Medical Science,other,3
Journal of chemical health risks,other,3
Journal of the American Musicological Society,other,3
Journal of the Korean society of clinical toxicology,other,3
Jurnal Ekonomi Pembangunan,other,3
Jurnal Sains Teknologi Urban Perancangan Arsitektur (Stupa),other,3
Knowledge International Journal,other,3
LWT,other,3
Lab Animal,other,3
Laboratory Animals,other,3
Liberal Journal of Language & Literature Review,other,3
Life,other,3
Lincoln (University of Nebraska),other,3
MIMBAR AGRIBISNIS Jurnal Pemikiran Masyarakat Ilmiah Berwawasan Agribisnis,other,3
Marketing Science & Inspirations,other,3
Marvels & Tales,other,3
Materials Today Proceedings,other,3
Mayo Clinic Proceedings,other,3
Medical Entomology and Zoology,other,3
Medical and Veterinary Entomology,other,3
Medico-Legal Update,other,3
Medycyna Weterynaryjna,other,3
Methods in Ecology and Evolution,other,3
Military Medicine,other,3
Molecular Immunology,other,3
Molluscan Research,other,3
NZGA Research and Practice Series,other,3
Nanotechnology Perceptions,other,3
National Science Review,other,3
Neurology,other,3
Neuron,other,3
Neurosurgery,other,3
New hibernia review,other,3
Nine,other,3
Oecologia,other,3
Open Access Macedonian Journal of Medical Sciences,other,3
PARIPEX-INDIAN JOURNAL OF RESEARCH,other,3
Pain Medicine,other,3
Pakistan Journal of Social Science Review,other,3
PengabdianMu Jurnal Ilmiah Pengabdian kepada Masyarakat,other,3
Pennsylvania history,other,3
Perspectives on Science and Christian Faith,other,3
Pharmacological Research - Natural Products,other,3
Physical Therapy in Sport,other,3
Phytochemistry Reviews,other,3
Plant Science Today,other,3
Policy Research Journal,other,3
Prism,other,3
Proceeding ISETH (International Summit on Science Technology and Humanity),other,3
Proceedings of The Nutrition Society,other,3
Prosiding Seminar Nasional Pengabdian Kepada Masyarakat,other,3
Qualitative Research in Sport Exercise and Health,other,3
Regional Environmental Change,other,3
Renewable and Sustainable Energy Reviews,other,3
Research on Child and Adolescent Psychopathology,other,3
Reviews in Fish Biology and Fisheries,other,3
Revista Brasileira de Direito Animal,other,3
Revista de Biología Tropical,other,3
Revue française d'allergologie,other,3
Rupkatha Journal on Interdisciplinary Studies in Humanities,other,3
Sahel Journal of Life Sciences FUDMA,other,3
Science Advances,other,3
Scientific and Technical Bulletin оf State Scientific Research Control Institute of Veterinary Medical Products and Fodder Additives аnd Institute of Animal Biology,other,3
Scientific and Technical Review (World Organisation for Animal Health),other,3
Social Science & Medicine,other,3
Sport in Society,other,3
Symmetry,other,3
Synthese,other,3
TRISANGAM INTERNATIONAL REFEREED JOURNAL,other,3
TSAQOFAH,other,3
The American Historical Review,other,3
The American Journal of Psychology,other,3
The Auk,other,3
The English Historical Review,other,3
The Harold Pinter Review,other,3
The Journal of Asian Studies,other,3
The Journal of Pediatrics,other,3
The Journals of Gerontology Series A,other,3
The Lancet Psychiatry,other,3
The Mathematics Enthusiast,other,3
The New England Quarterly,other,3
The Nurse Practitioner,other,3
The Pharma Innovation,other,3
The Yale Review,other,3
Theatre topics,other,3
Trends in Cognitive Sciences,other,3
Tropical Conservation Science,other,3
Tropical Medicine and Infectious Disease,other,3
Tulsa Studies in Women s Literature,other,3
UMS Institutional Repository (Universiti Malaysia Sabah),other,3
University of Liverpool,other,3
Victorian poetry,other,3
Victorian review,other,3
Warta Pengabdian Andalas,other,3
Wellbeing Space and Society,other,3
World Journal of Advanced Research and Reviews,other,3
World Journal of Pharmaceutical Research,other,3
World Neurosurgery,other,3
Wrocławsko-Lwowskie Zeszyty Prawnicze,other,3
The Massachusetts review,other,3
ЗДОРОВЬЕ НАСЕЛЕНИЯ И СРЕДА ОБИТАНИЯ - ЗНиСО / PUBLIC HEALTH AND LIFE ENVIRONMENT,other,3
Тrаnscarpathian Philological Studies,other,3
ABDIMAS Jurnal Pengabdian Masyarakat,other,2
ACS Applied Energy Materials,other,2
ACS Applied Materials & Interfaces,other,2
AI,other,2
AJAD Jurnal Pengabdian kepada Masyarakat,other,2
AJARCDE (Asian Journal of Applied Research for Community Development and Empowerment),other,2
AL-ISHLAH Jurnal Pendidikan,other,2
ALUSTATH JOURNAL FOR HUMAN AND SOCIAL SCIENCES,other,2
ASA Monitor,other,2
ASEAN Journal of Psychiatry,other,2
AYUSHDHARA,other,2
Abdimas Indonesian Journal,other,2
"Abstract of Undergraduate Research, Faculty of Humanities, Bung Hatta University",other,2
Academic Journal of Humanities & Social Sciences,other,2
Academic Journal of Mahamakut Buddhist University Roi Et Campus,other,2
Academic Journal of Thailand National Sports University,other,2
Academic Medicine,other,2
Academic journal of management and social sciences,other,2
Acta Iuris Stetinensis,other,2
Acta Universitatis Sapientiae Film and Media Studies,other,2
Acta Veterinaria Brno,other,2
Addicta The Turkish Journal on Addictions,other,2
Advancements in Homeopathic Research,other,2
Advances in Humanities Research,other,2
Advances in Tropical Biodiversity and Environmental Sciences,other,2
African Journal of Biomedical Research,other,2
African Journal of Business and Management (AJBUMA),other,2
African Journal of Social and Behavioural Sciences,other,2
Agricultural and Forest Entomology,other,2
Agriculture and Human Values,other,2
Agroforestry Systems,other,2
Agrokreatif Jurnal Ilmiah Pengabdian kepada Masyarakat,other,2
Ain Shams Journal of Forensic Medicine and Clinical Toxicology,other,2
Allergologia et Immunopathologia,other,2
Amaliah Jurnal Pengabdian Kepada Masyarakat,other,2
American Journal of Agricultural Economics,other,2
American Journal of Biomedical Science & Research,other,2
American Journal of Hematology,other,2
American Journal of Infection Control,other,2
American Journal of Primatology,other,2
American Journal of Psychiatry and Neuroscience,other,2
American imago,other,2
Amerta Nutrition,other,2
Amfiteatru Economic,other,2
Anais da Academia Brasileira de Ciências,other,2
Animal - science proceedings,other,2
Animal Industry and Technology,other,2
Annales Universitatis Paedagogicae Cracoviensis Studia de Cultura,other,2
Annales de Chirurgie Plastique Esthétique,other,2
Annals of Botany,other,2
Annals of Indian Psychiatry,other,2
Annals of Internal Medicine,other,2
Annals of Medicine and Surgery,other,2
Annals of Phytomedicine An International Journal,other,2
Annual Review of Entomology,entomology,2
Anthropological Quarterly,other,2
Anthropology Today,other,2
Anti-Cancer Agents in Medicinal Chemistry,other,2
Antibiotics,other,2
Anusandhanvallari,other,2
Apidologie,other,2
Apmis,other,2
Applied Ecology and Environmental Research,other,2
Applied Energy,other,2
Applied Geography,other,2
Applied Materials Today,other,2
Applied Soft Computing,other,2
Applied and Computational Engineering,other,2
AquaTechnica Revista Iberoamericana de Acuicultura,other,2
Aquaculture Aquarium Conservation & Legislation,other,2
Aquaculture Journal,other,2
Aquaculture and Fisheries,other,2
Aquatic Ecosystem Health & Management,other,2
Architectural Science Review,other,2
Architecture,other,2
Archives of Infectious Diseases & Therapy,other,2
Archives of Toxicology,other,2
Archivos de la Sociedad Española de Oftalmología,other,2
Arrow - TU Dublin (Technological University Dublin),other,2
Art & Culture Studies,other,2
Art Pritas Journal,other,2
Arthropod-Plant Interactions,other,2
Asia Pacific Allergy,other,2
Asia-pacific Journal of Convergent Research Interchange,other,2
Asian Journal of Fisheries and Aquatic Research,other,2
Asian Journal of Medical Sciences,other,2
Atoll research bulletin,other,2
Attention Perception & Psychophysics,other,2
Australian Veterinary Journal,other,2
Ayurline International Journal of Research in Indian Medicine,other,2
BJA Education,other,2
BMC Biology,other,2
BMC Cancer,other,2
BMC Geriatrics,other,2
BMC Microbiology,other,2
BMC Musculoskeletal Disorders,other,2
BMC Nursing,other,2
BMC Psychiatry,other,2
BMC Research Notes,other,2
BPB Reports,other,2
BULLETIN of the L N Gumilyov Eurasian National University BIOSCIENCE Series,other,2
Bangladesh Medical Research Council Bulletin,other,2
Bee Studies- Apiculture Research Institute,other,2
Behavioral Ecology,other,2
BioEssays,other,2
BioResources,other,2
Biocatalysis and Agricultural Biotechnology,other,2
Biodiversity,other,2
Biodiversity Data Journal,other,2
Biological Invasions,other,2
Biological Psychiatry,other,2
Biological Sciences - PJSIR,other,2
Biology Bulletin,other,2
Biomedical Signal Processing and Control,other,2
Biomedicines,other,2
Bioresource Technology Reports,other,2
Biota Neopropica/Biota Neotropica,other,2
Biota Neotropica,other,2
Bishop–Lowell Studies,other,2
Brain Behavior and Immunity,other,2
Brain Circulation,other,2
Brain medicine :,other,2
Brazilian Journal of Animal and Environmental Research,other,2
British Journal of Dermatology,other,2
Buletin Ilmiah Marina Sosial Ekonomi Kelautan dan Perikanan,other,2
Bulletin of Luhansk Taras Shevchenko National University,other,2
Bulletin of Mariupol State University Series Philosophy culture studies sociology,other,2
Bustan The Middle East Book Review,other,2
CABI Agriculture and Bioscience,other,2
CABI One Health,other,2
CHINESE JOURNAL OF CATALYSIS (CHINESE VERSION),other,2
Cadernos de Agroecologia,other,2
Callaloo,other,2
Cambridge Journal of Regions Economy and Society,other,2
Cancer Research Statistics and Treatment,other,2
Cancers,other,2
Capitalism Nature Socialism,other,2
Carbon,other,2
Case Studies in the Environment,other,2
Cells,other,2
Cermin Dunia Kedokteran,other,2
Chemical Engineering Science,other,2
Chemico-Biological Interactions,other,2
Child Neuropsychology,other,2
Chinese Journal of Natural Medicines,other,2
Chinese Science Bulletin (Chinese Version),other,2
Chiricú Journal Latina/o Literatures Arts and Cultures,other,2
Circuits Systems and Signal Processing,other,2
Citizen Science Theory and Practice,other,2
Civil Engineering and Architecture,other,2
Ciência & Saúde Coletiva,other,2
Clinical Journal of the American Society of Nephrology,other,2
Clinical Neurophysiology,other,2
Clinical Nutrition,other,2
Clinical Oral Investigations,other,2
Clinical Orthopaedics and Related Research,other,2
Clinical Rheumatology,other,2
Clinical and Translational Science,other,2
Coastal and Marine Journal,other,2
Cochrane Database of Systematic Reviews,other,2
Cognitive Affective & Behavioral Neuroscience,other,2
Communication & Sport,other,2
Communication Culture and Critique,other,2
Communications Biology,other,2
Communications Earth & Environment,other,2
Community Empowerment,other,2
Comparative Immunology Reports,other,2
Computer Music Journal,other,2
Computer Systems Science and Engineering,other,2
Computers in Human Behavior Reports,other,2
Configurations,other,2
Confluencia,other,2
Consciousness and Cognition,other,2
Constellations,other,2
Contemporary Clinical Dentistry,other,2
Contemporary Mathematics,other,2
Contemporary Women s Writing,other,2
Counselling and Psychotherapy Research,other,2
Creativity and Innovation,other,2
Critical Inquiry,other,2
Critical Values,other,2
Crustaceana,other,2
Cultura Lenguaje y Representación,other,2
Culture Agriculture Food and Environment,other,2
Culture of Ukraine,other,2
Current Medical Imaging Formerly Current Medical Imaging Reviews,other,2
Current Medicine Research and Practice,other,2
Current Nutrition & Food Science,other,2
Current Opinion in Pediatrics,other,2
Current Tropical Medicine Reports,other,2
Current psychiatry,other,2
Czasopismo Prawno-Historyczne,other,2
DALPS (Derecho Animal-Animal Legal and Policy Studies),other,2
Daedalus,other,2
Detinjstvo.,other,2
Development,other,2
Dialogue Social Science Review (DSSR),other,2
Dickens quarterly,other,2
Digestive Endoscopy,other,2
Digital Commons (University of Georgia School of Law),other,2
Digital Commons - Otterbein (Otterbein University),other,2
Disability and Rehabilitation,other,2
Discover Animals,other,2
Discover Applied Sciences,other,2
Discover Artificial Intelligence,other,2
Discover Computing,other,2
Discover Environment,other,2
Discover Public Health,other,2
Diseases of Aquatic Organisms,other,2
Distance Learning,other,2
Diversitas Journal,other,2
DukeSpace (Duke University),other,2
E-Proceeding Conference Indonesia Social Responsibility Award,other,2
EXPERIMENTAL ANIMALS,other,2
Earth-Science Reviews,other,2
East African Journal of Agriculture and Biotechnology,other,2
East African Journal of Environment and Natural Resources,other,2
Ecologica Montenegrina,other,2
Ecological Modelling,other,2
Ecological Processes,other,2
Edu Happiness Jurnal Ilmiah Perkembangan Anak Usia Dini ,other,2
Education Sciences,other,2
Education and Information Technologies,other,2
Education next,other,2
Egyptian Academic Journal of Biological Sciences,other,2
"Egyptian Academic Journal of Biological Sciences. B, Zoology",other,2
Electrochimica Acta,other,2
Emergency Medicine Australasia,other,2
Endoscopy,other,2
Energy Reports,other,2
English Education Journal,other,2
Enhanced Knowledge in Sciences and Technology,other,2
Entomological Communications,other,2
Entomological Research,other,2
Environment Conservation Journal,other,2
Environment Development and Sustainability,other,2
Environment and Ecology,other,2
Environment and Planning E Nature and Space,other,2
Environmental Challenges,other,2
Environmental Communication,other,2
Environmental Conservation,other,2
Environmental Health Perspectives,other,2
Environmental Monitoring and Assessment,other,2
Environmental Toxicology,other,2
Environmental Toxicology and Pharmacology,other,2
Eprints@CMFRI Open Access Institutional Repository (Central Marine Fisheries Research Institute),other,2
Epsilon Open Archive (Sveriges lantbruksuniversitet biblioteket (Swedish University of Agricultural Sciences)),other,2
Equine Veterinary Journal,other,2
Estuarine Coastal and Shelf Science,other,2
Ethnobiology and Conservation,other,2
Etyka,other,2
European Heart Journal - Case Reports,other,2
European Heart Journal Supplements,other,2
European Journal of Agriculture and Food Sciences,other,2
European Journal of Biological Research,other,2
European Journal of Entomology,other,2
European Journal of Medicinal Plants,other,2
European Journal of Neuroscience,other,2
European Journal of Nutrition & Food Safety,other,2
European Journal of Obstetrics & Gynecology and Reproductive Biology,other,2
European Journal of Risk Regulation,other,2
European Journal of Wildlife Research,other,2
EvoS Journal,other,2
Evolution Letters,other,2
Evolution Medicine and Public Health,other,2
Evolutionary Applications,other,2
Evolutionary Intelligence,other,2
Experimental Eye Research,other,2
Experimental Parasitology,other,2
FACETS,other,2
FHSU Scholars Repository (Fort Hays State University),other,2
FLORA AND FAUNA,other,2
FarmBiz,other,2
Finance and Economics Discussion Series,other,2
Fisheries Science,other,2
Fitoterapia,other,2
Folia Microbiologica,other,2
Food Bioscience,other,2
Food Chemistry,other,2
Food Chemistry Advances,other,2
Food Control,other,2
Food Science & Nutrition,other,2
Food Science and Nutrition Cases,other,2
Food Webs,other,2
Food and Life,other,2
Food processing industry,other,2
Free Radical Biology and Medicine,other,2
Frontiers in Bee Science,other,2
Frontiers in Cell and Developmental Biology,other,2
Frontiers in Cellular Neuroscience,other,2
Frontiers in Education,other,2
Frontiers in Food Science and Technology,other,2
Frontiers in Genetics,other,2
Frontiers in Neural Circuits,other,2
Frontiers in Neuroscience,other,2
Frontiers in Sports and Active Living,other,2
Frontiers in Tropical Diseases,other,2
Frontiers of Biogeography,other,2
Fudan Journal of the Humanities and Social Sciences,other,2
Functional Ecology,other,2
GLOBAL JOURNAL FOR RESEARCH ANALYSIS,other,2
Ganaya Jurnal Ilmu Sosial dan Humaniora,other,2
Gastrointestinal Endoscopy,other,2
Genetic Resources and Crop Evolution,other,2
GeoJournal,other,2
George Eliot - George Henry Lewes Studies,other,2
Global Ecology and Biogeography,other,2
Global Environmental Change,other,2
Global Food Security,other,2
Global Public Health,other,2
Golden Ratio of Community Services and Dedication,other,2
Gorga Jurnal Seni Rupa,other,2
Green Analytical Chemistry,other,2
Grey Room,other,2
HPB,other,2
HTS Teologiese Studies / Theological Studies,other,2
Hau Journal of Ethnographic Theory,other,2
Health Education,other,2
Heart Lung and Circulation,other,2
Heart Views,other,2
Hepatology,other,2
Hispania,other,2
Hollins Digital Commons (Hollins University),other,2
Hormones and Behavior,other,2
HortScience,other,2
Hospital Pediatrics,other,2
Human and nation s health,other,2
Humanities,other,2
Humanities science current issues,other,2
IBRO Neuroscience Reports,other,2
IEEE Internet of Things Journal,other,2
INFLUENCE International Journal of Science Review,other,2
INTERANTIONAL JOURNAL OF SCIENTIFIC RESEARCH IN ENGINEERING AND MANAGEMENT,other,2
ISU Red - Research and eData (Illinois State University),other,2
ITALIAN JOURNAL OF FRESHWATER ICHTHYOLOGY,other,2
Ibis,other,2
Ideas and Ideals,other,2
Illinois Digital Environment for Access to Learning and Scholarship (University of Illinois at Urbana-Champaign),other,2
In Analysis,other,2
Indian Farming,other,2
Indian Journal Of Applied Research,other,2
Indian Journal of Advanced Zoology,other,2
Indian Journal of Agricultural Research,other,2
Indian Journal of Allergy Asthma and Immunology,other,2
Indian Journal of Animal Health,other,2
Indian Journal of Community Medicine,other,2
Indian Journal of Economics and Finance,other,2
Indian Journal of Endocrinology and Metabolism,other,2
Indian Journal of Entomology,other,2
Indian Journal of Nephrology,other,2
Indian Journal of Palliative Care,other,2
Indian Journal of Public Health,other,2
Indian Journal of Public Health Research & Development,other,2
Indian Journal of Research in Homoeopathy,other,2
Indian Journal of Social Psychiatry,other,2
Indonesia,other,2
Industrial Crops and Products,other,2
Industrial Psychiatry Journal,other,2
Infectious Diseases in Clinical Practice,other,2
Insights-Journal of Health and Rehabilitation,other,2
Integrative Conservation,other,2
Interactive Film and Media Journal,other,2
Interface Focus,other,2
"International Conference on Health Science, Green Economics, Educational Review and Technology",other,2
International Healthcare Research Journal,other,2
International Journal for Equity in Health,other,2
International Journal for Parasitology,other,2
International Journal for Parasitology Parasites and Wildlife,other,2
International Journal for Population Data Science,other,2
International Journal of Advanced Computer Science and Applications,other,2
International Journal of Advanced Research in Computer Science,other,2
International Journal of Animal Science and Technology,other,2
International Journal of Bio-Inspired Computation,other,2
International Journal of Bio-resource and Stress Management,other,2
International Journal of Biological and Chemical Sciences,other,2
International Journal of Biology,other,2
International Journal of Business Continuity and Risk Management,other,2
International Journal of Cardiology,other,2
International Journal of Clinical Practice,other,2
International Journal of Comparative Psychology,other,2
International Journal of Computational Intelligence Studies,other,2
International Journal of Constitutional Law,other,2
International Journal of Economics Business and Accounting Research (IJEBAR),other,2
International Journal of Educational and Psychological Sciences,other,2
International Journal of Emerging Trends in Engineering Research,other,2
International Journal of Entrepreneurial Behaviour & Research,other,2
International Journal of Environmental Science and Technology,other,2
International Journal of Environmental and Agriculture Research,other,2
International Journal of Food Design,other,2
International Journal of Food Studies,other,2
International Journal of Health Sciences,other,2
International Journal of High Dilution Research,other,2
International Journal of Integrated Care,other,2
International Journal of Language and Literary Studies,other,2
International Journal of Marine Engineering Innovation and Research,other,2
International Journal of Mechatronics and Manufacturing Systems,other,2
International Journal of Medical Science and Public Health,other,2
International Journal of Medical Students,other,2
International Journal of Medical Toxicology and Forensic Medicine,other,2
International Journal of Medical and Biomedical Studies,other,2
International Journal of Mental Health Nursing,other,2
International Journal of Older People Nursing,other,2
International Journal of Peptide Research and Therapeutics,other,2
International Journal of Pharma and Bio Sciences,other,2
International Journal of Pharmacognosy and Life Science,other,2
International Journal of Pharmacy and Pharmaceutical Sciences,other,2
International Journal of Politics & Social Sciences Review (IJPSSR),other,2
International Journal of Product Development,other,2
International Journal of Productivity and Quality Management,other,2
International Journal of Psychophysiology,other,2
International Journal of Research Studies in Agricultural Sciences,other,2
International Journal of Research and Review,other,2
International Journal of Research in Dermatology,other,2
International Journal of Research in Medical Sciences,other,2
International Journal of Research in Pharmaceutical Sciences,other,2
International Journal of Researches in Biosciences and Agriculture Technology,other,2
International Journal of Rheumatic Diseases,other,2
International Journal of Sciences: Basic and Applied Research,other,2
International Journal of Scientific Research and Management (IJSRM),other,2
International Journal of Social Robotics,other,2
International Journal of Social Science and Economic Research,other,2
International Journal of Sport and Exercise Psychology,other,2
International Journal of Sports Exercise and Physical Education,other,2
International Journal of Surgery Open,other,2
International Journal of Veterinary Science,other,2
International Journal of Veterinary Sciences and Animal Husbandry,other,2
International Neuropsychiatric Disease Journal,other,2
International Orthopaedics,other,2
International Research Journal of Tamil,other,2
International Review for the Sociology of Sport,other,2
International Surgery Journal,other,2
"International journal of body, mind and culture",other,2
International journal of intelligent engineering and systems,other,2
Invertebrate Neuroscience,other,2
Irish Veterinary Journal,other,2
Israeli Journal of Aquaculture - Bamidgeh,other,2
Ius Novum,other,2
Izvestia of the Ural federal university Series 2 Humanities and Arts,other,2
J-ABDI Jurnal Pengabdian kepada Masyarakat,other,2
JATI EMAS (Jurnal Aplikasi Teknik dan Pengabdian Masyarakat),other,2
JMIR Mental Health,other,2
JRSM Open,other,2
Jazz & Culture,other,2
Journal de Pédiatrie et de Puériculture,other,2
Journal for Community Development and Life Quality,other,2
Journal for the History of Knowledge,other,2
Journal of Adolescent Health,other,2
Journal of Advanced Health Care,other,2
Journal of Advanced Nursing,other,2
Journal of Advanced Research,other,2
Journal of Affective Disorders,other,2
Journal of Agricultural Economics,other,2
Journal of Agricultural Science,other,2
Journal of Agriculture Forestry and the Social Sciences,other,2
Journal of Agriculture and Food Research,other,2
Journal of Alloys and Compounds,other,2
Journal of American Ethnic History,other,2
Journal of Anaesthesiology Clinical Pharmacology,other,2
Journal of Animal Breeding and Genetics,other,2
Journal of Animal Science and Biotechnology/Journal of animal science and biotechnology,other,2
Journal of Antimicrobial Chemotherapy,other,2
Journal of Appalachian Studies,other,2
Journal of Applied Animal Welfare Science,welfare,2
Journal of Applied Entomologist,other,2
Journal of Applied Life Sciences International,other,2
Journal of Applied Linguistics and TESOL (JALT),other,2
Journal of Applied Pharmaceutical Science,other,2
Journal of Arts and Linguistics Studies,other,2
Journal of Asian American Studies,other,2
Journal of Ayurveda and Integrative Medicine,other,2
Journal of Bangladesh College of Physicians and Surgeons,other,2
Journal of Behavioral Decision Making,other,2
Journal of Biochemical and Molecular Toxicology,other,2
Journal of Biological Rhythms,other,2
Journal of Bone and Joint Surgery,other,2
Journal of Cardiothoracic and Vascular Anesthesia,other,2
Journal of Child and Adolescent Psychopharmacology,other,2
Journal of Child and Family Studies,other,2
Journal of Civil and Human Rights,other,2
Journal of Clinical Child & Adolescent Psychology,other,2
Journal of Clinical Psychology,other,2
Journal of Colonialism and Colonial History,other,2
Journal of Community Research and Engagement.,other,2
Journal of Computational and Theoretical Nanoscience,other,2
Journal of Computer Science,other,2
Journal of Controlled Release,other,2
Journal of Critical Care,other,2
Journal of Crustacean Biology,other,2
Journal of Curatorial Studies,other,2
Journal of Current Opinion in Crop Science,other,2
Journal of Diabetes & Metabolic Disorders,other,2
Journal of Diabetic Association Medical College.,other,2
Journal of Drug Delivery Science and Technology,other,2
Journal of Eastern Mediterranean Archaeology & Heritage Studies,other,2
Journal of Economics and Sustainable Development,other,2
Journal of Education and Health Promotion,other,2
Journal of Emerging Investigators,other,2
Journal of Essential Oil Bearing Plants,other,2
Journal of European Social Policy,other,2
Journal of Evaluation in Clinical Practice,other,2
Journal of Evolutionary Biology,other,2
Journal of Experimental Agriculture International,other,2
Journal of Experimental Botany,other,2
Journal of Experimental Psychology Animal Learning and Cognition,other,2
Journal of Experimental Psychopathology,other,2
Journal of Experimental Zoology Part A Ecological and Integrative Physiology,other,2
Journal of Fatima Jinnah Medical University,other,2
Journal of Fish Biology,other,2
Journal of Fisheries and Environment,other,2
Journal of Food Composition and Analysis,other,2
Journal of Food Processing and Preservation,other,2
Journal of General Virology,other,2
Journal of Hazardous Materials,other,2
Journal of Health Population and Nutrition,other,2
Journal of Hunan University Natural Sciences,other,2
Journal of Infant Child and Adolescent Psychotherapy,other,2
Journal of Investigational Allergology and Clinical Immunology,other,2
Journal of Jewish identities,other,2
Journal of King Saud University - Science,other,2
Journal of Latin American geography,other,2
Journal of Marine Medical Society,other,2
Journal of Medical Case Reports,other,2
Journal of Middle East Women s Studies,other,2
Journal of Molecular Cell Biology,other,2
Journal of Monetary Economics,other,2
Journal of Narrative Theory,other,2
Journal of Neuroanaesthesiology and Critical Care,other,2
Journal of Neuroscience Methods,other,2
Journal of Pain,other,2
Journal of Pain and Symptom Management,other,2
Journal of Pakistan Association of Dermatologists,other,2
Journal of Parasitic Diseases,other,2
Journal of Pediatric and Adolescent Gynecology,other,2
Journal of Policy Analysis and Management,other,2
Journal of Pollination Ecology,other,2
Journal of Proteomics,other,2
Journal of Psychiatric Research,other,2
Journal of Psychopathology and Clinical Science,other,2
Journal of Psychosexual Health,other,2
Journal of Sports Science and Nutrition,other,2
Journal of Texture Studies,other,2
Journal of Theoretical Biology,other,2
Journal of Threatened Taxa,other,2
Journal of Vascular and Interventional Radiology,other,2
Journal of Vector Borne Diseases,other,2
Journal of Veterinary Science,other,2
Journal of Wound Ostomy and Continence Nursing,other,2
Journal of comparative psychology,other,2
Journal of environmental chemical engineering,other,2
Journal of global south studies,other,2
Journal of innovation and development,other,2
Journal of interdisciplinary perspectives,other,2
"Journal of people, plants, and environment",other,2
Journal of the American Geriatrics Society,other,2
Journal of the American Mosquito Control Association,other,2
Journal of the Pakistan Medical Association,other,2
Journal on Innovations in Teaching and Learning,other,2
Jurnal Atma Inovasia,other,2
Jurnal Bahari Papadak,other,2
Jurnal Ekonomi Bisnis & Entrepreneurship,other,2
Jurnal Ilmiah Pengabdian Pada Masyarakat,other,2
Jurnal Ilmu Ekonomi JIE,other,2
Jurnal Kebijakan Perikanan Indonesia,other,2
Jurnal Komunikasi Ikatan Sarjana Komunikasi Indonesia,other,2
Jurnal Pengabdian Kepada Masyarakat,other,2
Jurnal Pengabdian Kepada Masyarakat Sewagati,other,2
Jurnal Pengabdian Masyarakat (abdira),other,2
Jurnal Pengabdian Pada Masyarakat METHABDI,other,2
Jurnal Pengabdian kepada Masyarakat Nusantara,other,2
Jurnal Performa Olahraga,other,2
Jurnal Pusat Inovasi Masyarakat (PIM),other,2
Jurnal Strategi Bisnis Teknologi,other,2
KIEAE Journal,other,2
KOLABORASI JURNAL PENGABDIAN MASYARAKAT,other,2
KSII Transactions on Internet and Information Systems,other,2
Keteg Jurnal Pengetahuan Pemikiran dan Kajian Tentang Bunyi,other,2
Khyber Medical University Journal,other,2
Kinesiology Review,other,2
Koneksi,other,2
Korean Association of Sandplay Therapy,other,2
Korean Language and Literature,other,2
Korean Society for Critical Inquiry of Childhood Education,other,2
Land Use Policy,other,2
Learning & Behavior,other,2
Lecture Notes on Language and Literature,other,2
Legal regulation in veterinary medicine,other,2
Letters on Evolutionary Behavioral Science,other,2
Linguistics,other,2
Lirias,other,2
Lumbung Inovasi Jurnal Pengabdian kepada Masyarakat,other,2
Lung India,other,2
MELUS Multi-Ethnic Literature of the United States,other,2
MESSENGER OF KYIV NATIONAL LINGUISTIC UNIVERSITY Series Philology,other,2
MLN,other,2
MOJ Biology and Medicine,other,2
Macromolecular Rapid Communications,other,2
"Magic, ritual, and witchcraft",other,2
Malaysian Journal of Society and Space,other,2
Manglar,other,2
Marine Ecology Progress Series,other,2
Marine Resource Economics,other,2
Massey Research Online (Massey University),other,2
Mathematics,other,2
Measurement,other,2
Mediators of Inflammation,other,2
Mediterranean Journal of Social Sciences,other,2
Meliora International Journal of Student Sustainability Research,other,2
Mental Health Weekly,other,2
Metabolic Brain Disease,other,2
Metabolites,other,2
Microbial Biotechnology,other,2
MicrobiologyOpen,other,2
Microchemical Journal,other,2
Midwifery,other,2
Minnesota Review,other,2
Modern fiction studies,other,2
Modernism/modernity,other,2
Molecular & cellular biomechanics,other,2
Molecular Cell,other,2
Molecular Neurobiology,other,2
Murray State's Digital Commons (Murray State University),other,2
Music and Politics,other,2
NC Digital Online Collection of Knowledge and Scholarship (The University of North Carolina at Greensboro),other,2
Nano Energy,other,2
Nanomedicine Nanotechnology Biology and Medicine,other,2
Narrative Inquiry in Bioethics,other,2
Nature Human Behaviour,other,2
Nature-Based Solutions,other,2
Naukovij vìsnik veterinarnoï medicini,other,2
Naukovì dopovìdì Nacìonalʹnogo unìversitetu bìoresursiv ì prirodokoristuvannâ Ukraïni,other,2
NeoReviews,other,2
Neurology and Clinical Neuroscience,other,2
Neuromodulation Technology at the Neural Interface,other,2
Neuromuscular Disorders,other,2
Neuropediatrics,other,2
Neuropeptides,other,2
Neuropsychopharmacology,other,2
Neuroscience Insights,other,2
New Formations,other,2
New Zealand Journal of Agricultural Research,other,2
Newman Studies Journal,other,2
Next research.,other,2
Niepełnosprawność,other,2
Notes and Queries,other,2
Noûs,other,2
Nursing Ethics,other,2
Nursing Management,other,2
Nutrition Bulletin,other,2
Néphrologie & Thérapeutique,other,2
OALib,other,2
OBM Neurobiology,other,2
Observasi Jurnal Publikasi Ilmu Psikologi,other,2
Occupational Diseases and Environmental Medicine,other,2
Oceania,other,2
Ohio history,other,2
OhioLink ETD Center (Ohio Library and Information Network),other,2
One Health,other,2
Open Access Government,other,2
Open Science Framework,other,2
Open Veterinary Journal,other,2
Ophthalmology,other,2
Ornamental Horticulture,other,2
Ornithological Applications,other,2
Oryx,other,2
Oxidative Medicine and Cellular Longevity,other,2
PEDIATRICS,other,2
PINISI Discretion Review,other,2
PLANT PHYSIOLOGY,other,2
PLOS Global Public Health,other,2
PLoS Medicine,other,2
PLoS Pathogens,other,2
PRAWO i WIĘŹ,other,2
Pakistan BioMedical Journal,other,2
Palaeogeography Palaeoclimatology Palaeoecology,other,2
Panrita Abdi - Jurnal Pengabdian pada Masyarakat,other,2
Parasitology International,other,2
Patan Prospective Journal,other,2
Pathogens and Global Health,other,2
Pediatric Patient Education,other,2
Pelita Eksakta,other,2
Periodicals of Engineering and Natural Sciences (PEN),other,2
Personality and Individual Differences,other,2
Perspectives in Ecology and Conservation,other,2
Perspectives of New Music,other,2
Philological Review,other,2
Philosophical Topics,other,2
Philosophy Compass,other,2
Philosophy East and West,other,2
Physiology,other,2
Plant Breeding,other,2
Plants People Planet,other,2
Poetics Today,other,2
Pollution Research,other,2
Ponggawa.,other,2
Population and Development Review,other,2
Postgraduate Medical Journal,other,2
Poultry,other,2
Pravo - teorija i praksa,other,2
Pressto (Uniwersytetu Adama Mickiewicza),other,2
Probiotics and Antimicrobial Proteins,other,2
Proceeding International Conference of Community Service,other,2
Proceedings of the Zoological Society,other,2
Process Biochemistry,other,2
Project Muse (Johns Hopkins University),other,2
Prostaglandins Leukotrienes and Essential Fatty Acids,other,2
Protein Expression and Purification,other,2
Przegląd Prawa i Administracji,other,2
Psychiatry Research,other,2
Psychoanalytic Dialogues,other,2
Psychological Assessment,other,2
Psychological Research,other,2
Psychology of sport and exercise,other,2
Public Policy & Aging Report,other,2
QUT ePrints (Queensland University of Technology),other,2
REST Journal on Emerging trends in Modelling and Manufacturing,other,2
RIVISTA DI STUDI SULLA SOSTENIBILITA,other,2
RSC Advances,other,2
RePEc: Research Papers in Economics,other,2
Renewable Agriculture and Food Systems,other,2
Representations,other,2
Research Ideas and Outcomes,other,2
Research Journal of Chemistry and Environment,other,2
Research at the University of Copenhagen (University of Copenhagen),other,2
Research consortium archive.,other,2
Research in African Literatures,other,2
Reviews in Fisheries Science & Aquaculture,other,2
Revista Brasileira de Farmacognosia,other,2
Revista do Instituto de Medicina Tropical de São Paulo,other,2
Revista fisio&terapia.,other,2
Revista médica de Panamá,other,2
Rinsho Shinkeigaku,other,2
River teeth,other,2
Russkaia rech,other,2
SN Comprehensive Clinical Medicine,other,2
SN Computer Science,other,2
SOCIAL SCIENCES RESEARCH AND ACADEMIC JOURNAL,other,2
SPIRAKEL,other,2
SSM - Qualitative Research in Health,other,2
Safety Science,other,2
Samara Journal of Science,other,2
Scandinavian Studies,other,2
ScholarSphere (Penn State Libraries),other,2
Scholars Journal of Medical Case Reports,other,2
ScholarsArchive  (Brigham Young University),other,2
Science Fiction Studies,other,2
Science Midwifery,other,2
Scientific African,other,2
Scientific Messenger of LNU of Veterinary Medicine and Biotechnologies,other,2
Scientific periodicals of Ukraine,other,2
Screen,other,2
Shanlax International Journal of Arts Science and Humanities,other,2
Signal Image and Video Processing,other,2
Sinergi dan Harmoni Masyarakat MIPA,other,2
Social Cognitive and Affective Neuroscience,other,2
Social research,other,2
Social science review archives.,other,2
Sociobiology,other,2
Soft Computing,other,2
Solar Energy,other,2
Soundings An Interdisciplinary Journal,other,2
Southern cultures,other,2
Spiritus,other,2
Sport Business and Management An International Journal,other,2
Sripatum Chonburi Interdisciplinary Journal (ISCJ),other,2
Stanford Digital Repository,other,2
Steinbeck Review,other,2
Studenckie Prace Prawnicze Administratywistyczne i Ekonomiczne,other,2
Studia Iuridica,other,2
Studia Iuridica Lublinensia,other,2
Studia Prawa Publicznego,other,2
Studies in History and Philosophy of Science Part C Studies in History and Philosophy of Biological and Biomedical Sciences,other,2
Studies in the age of Chaucer,other,2
Studies in the novel,other,2
Studies on Neotropical Fauna and Environment,other,2
SubStance,other,2
Surgical and Radiologic Anatomy,other,2
Sustainable Cities and Society,other,2
Sustainable Development,other,2
Sustainable Food Connect,other,2
Systematic Reviews,other,2
TRANSPUBLIKA INTERNATIONAL RESEARCH IN EXACT SCIENCES,other,2
TUScholarShare (Temple University),other,2
Technology and Culture,other,2
The Association of Korea Counseling Psychology Education Welfare,other,2
The British Journal of Social Work,other,2
The CASE Journal,other,2
The Global Journal of Animal Law,other,2
The Indian Anaesthetists Forum,other,2
The Indian Journal of Nutrition and Dietetics,other,2
The Indian Journal of Pediatrics,other,2
The International Journal of Ecopsychology (IJE),other,2
The Journal of American Culture,other,2
The Journal of Environmental Education,other,2
The Journal of Immunology,other,2
The Journal of Inclusion and Disability – Research Neuro Rehabilitation and Empowerment,other,2
The Journal of Literature and Science,other,2
The Journal of Physiology,other,2
The Journal of Somaesthetics,other,2
The Journal of Toxicological Sciences,other,2
The Journal of Urology,other,2
The Journal of the Abraham Lincoln Association,other,2
The Kaohsiung Journal of Medical Sciences,other,2
The Lancet Global Health,other,2
The Lancet Neurology,other,2
The Lancet Rheumatology,other,2
The Medical Journal of Australia,other,2
The Modern Language Review,other,2
The Opera Quarterly,other,2
The Pakistan Development Review,other,2
The Pennsylvania Magazine of History and Biography,other,2
The Research of Medical Science Review,other,2
The Review of English Studies,other,2
The Transmitter,other,2
Theoretical Population Biology,other,2
Theory and Practice in Language Studies,other,2
Thornton Wilder Journal,other,2
TrAC Trends in Analytical Chemistry,other,2
Transactions of the Missouri Academy of Science,other,2
Transactions of the Royal Society of Tropical Medicine and Hygiene,other,2
Transgenic Research,other,2
Translational Psychiatry,other,2
Transportation Research Part E Logistics and Transportation Review,other,2
Trends in Ecology & Evolution,other,2
Trends in Finance and Economics,other,2
Trends in Neurosciences,other,2
Trends in Plant Science,other,2
Trends in Sciences,other,2
Tropical Grasslands - Forrajes Tropicales,other,2
Tropical Journal of Natural Product Research,other,2
Tropical Medicine & International Health,other,2
Tropical and Subtropical Agroecosystems,other,2
Tropical parasitology,other,2
Turkish Journal of Agriculture - Food Science and Technology,other,2
Turkish Journal of Parasitology,other,2
Turkish Online Journal of Qualitative Inquiry,other,2
Tuwhera (Auckland University of Technology),other,2
UKnowledge (University of Kentucky),other,2
UTUPub (University of Turku),other,2
UWM Digital Commons (University of Wisconsin–Milwaukee),other,2
Ukrainian Journal of Ecology,other,2
Ukrainian Journal of Natural Sciences,other,2
Ukrainian Journal of Veterinary and Agricultural Sciences,other,2
Ultrasound in Medicine & Biology,other,2
Uludağ Arıcılık Dergisi,other,2
VCU Scholars Compass (Virginia Commonwealth University),other,2
Varna Medical Forum,other,2
Vector-Borne and Zoonotic Diseases,other,2
Vestnik Altajskogo gosudarstvennogo agrarnogo universiteta,other,2
Veterinarski glasnik,other,2
Veterinary Clinics of North America Equine Practice,other,2
Veterinary Clinics of North America Exotic Animal Practice,other,2
Veterinary Dermatology,other,2
Veterinary Research,other,2
Veterinary and Animal Science,other,2
Veterinária e Zootecnia,other,2
Victorians,other,2
Victorians Institute Journal,other,2
Water Research,other,2
Western Indian Ocean Journal of Marine Science,other,2
Wireless Personal Communications,other,2
Women in French studies,other,2
Workplace Health & Safety,other,2
World Economy,other,2
World Psychiatry,other,2
World Review of Entrepreneurship Management and Sustainable Development,other,2
World s Poultry Science Journal,other,2
Writing in Practice,other,2
Yaroslavl Pedagogical Bulletin,other,2
Yüzüncü Yıl Üniversitesi Tarım Bilimleri Dergisi,other,2
Zeitschrift für Naturforschung C,other,2
Zeszyty Naukowe Katolickiego Uniwersytetu Lubelskiego Jana Pawła II,other,2
"Zhivotnov""dni Nauki",other,2
Zootaxa,other,2
agromix,other,2
bepress Legal Repository,other,2
eLife,other,2
eRIKA repository (Jan Matejko Academy Of Fine Arts),other,2
edoc Publication server (Humboldt University of Berlin),other,2
enadakultura,other,2
journal of physical education,other,2
mBio,other,2
mVedra,other,2
philoSOPHIA,other,2
positions asia critique,other,2
transcript An e-Journal of Literary and Cultural Studies,other,2
Al-Mağallaẗ al-ʻirāqiyyaẗ li-l-ṣaydalaẗ,other,2
The Wallace Stevens journal,other,2
The Zoologist,other,2
"The international archives of the photogrammetry, remote sensing and spatial information sciences/International archives of the photogrammetry, remote sensing and spatial information sciences",other,2
Полис Политические исследования,other,2
فصلنامه محیط زیست جانوری,other,2
„Law • Education • Security”,other,2
역사학보,other,2
한국식품조리과학회지,other,2
.able.,other,1
19 Interdisciplinary Studies in the Long Nineteenth Century,other,1
3 Biotech,other,1
A Peer-Reviewed Journal About,other,1
AACN Advanced Critical Care,other,1
AAP Grand Rounds,other,1
ABDI MOESTOPO Jurnal Pengabdian Pada Masyarakat,other,1
ABDIMASKU JURNAL PENGABDIAN MASYARAKAT,other,1
ABDISOSHUM Jurnal Pengabdian Masyarakat Bidang Sosial dan Humaniora,other,1
ACM Transactions on Asian and Low-Resource Language Information Processing,other,1
ACM Transactions on Computer-Human Interaction,other,1
ACM Transactions on Internet Technology,other,1
ACS Applied Nano Materials,other,1
ACS Biomaterials Science & Engineering,other,1
ACS Nano,other,1
ACS Omega,other,1
ACTA IMEKO,other,1
ADMINISTRASI PUBLIK,other,1
AEA Papers and Proceedings,other,1
AFRREV LALIGENS An International Journal of Language Literature and Gender Studies,other,1
AGRIBIOS,other,1
AGRIFOR,other,1
AGRITEXTS Journal of Agricultural Extension,other,1
AGRIVITA Journal of Agricultural Science,other,1
AGROTEKSOS Agronomi Teknologi dan Sosial Ekonomi Pertanian,other,1
AI & Society,other,1
AI and Ethics,other,1
AIMS Animal Science,other,1
AKULTURASI (Jurnal Ilmiah Agrobisnis Perikanan),other,1
AL-AMIYAH Jurnal Ilmiah Multidisiplin,other,1
AL-IDA'AT Research Journal,other,1
AL-Qadisiya Journal For Law and Political Sciences,other,1
ALFIHRIS Jurnal Inspirasi Pendidikan,other,1
ALINEA Jurnal Bahasa Sastra dan Pengajarannya,other,1
ALTEX,other,1
AMB Express,other,1
AMC Journal (Dhangadhi),other,1
AMMA : Jurnal Pengabdian Masyarakat,other,1
AN ASIAN JOURNAL OF SOIL SCIENCE,other,1
ANALES RANM,other,1
ANNUAL of ISPJR,other,1
ANTASENA Governance and Innovation Journal,other,1
ANU Open Research (Australian National University),other,1
ANZ Journal of Surgery,other,1
APIK Journal of Internal Medicine,other,1
AQUACOASTMARINE,other,1
AQUASAINS,other,1
ARC Journal of Animal and Veterinary Sciences,other,1
ARCHIVES OF CLINICAL AND EXPERIMENTAL MEDICINE,other,1
ARDHI Jurnal Pengabdian Dalam Negri,other,1
ARISTO,other,1
ARPN Journal of Engineering and Applied Sciences,other,1
ARRUS Journal of Social Sciences and Humanities,other,1
ARSNET,other,1
ARTMargins,other,1
ASEAN Journal of Religious and Cultural Research,other,1
ASES INTERNATIONAL JOURNAL OF HEALTH AND SPORTS SCIENCES,other,1
ASET Journal of Management Science,other,1
ASIAN JOURNAL OF HOME SCIENCE,other,1
ASPIRASI Publikasi Hasil Pengabdian dan Kegiatan Masyarakat,other,1
AURELIA Jurnal Penelitian dan Pengabdian Masyarakat Indonesia,other,1
AVAIN - Kirjallisuudentutkimuksen aikakauslehti,other,1
AVANCA | CINEMA,other,1
Abdi Dosen Jurnal Pengabdian Pada Masyarakat,other,1
Abdi Jurnal Pengabdian dan Pemberdayaan Masyarakat,other,1
Abdominal Radiology,other,1
Abolitionist Perspectives in Social Work,other,1
Abstracts of the ICA,other,1
Abuja Journal of Humanities,other,1
Academic Emergency Medicine,other,1
Academic Journal of Business & Management,other,1
Academic Notes Series Pedagogical Science,other,1
Academic Social Research,other,1
Academy of Urban Health,other,1
Acarological Studies,other,1
Aceh Anthropological Journal,other,1
Aceh International Journal of Science and Technology,other,1
Acta Agriculturae Scandinavica,other,1
Acta Biologica Ukrainica,other,1
Acta Biológica Catarinense,other,1
Acta Biotheoretica,other,1
Acta Botanica Yunnanica,other,1
Acta Chiropterologica,other,1
Acta Clinica Croatica,other,1
Acta Crystallographica Section A Foundations and Advances,other,1
Acta Dermato Venereologica,other,1
Acta Ecologica Sinica,other,1
Acta Informatica Pragensia,other,1
Acta Medica (Hradec Kralove Czech Republic),other,1
Acta Mycologica,other,1
Acta Ophthalmologica,other,1
Acta Pharmacologica Sinica,other,1
Acta Physiologiae Plantarum,other,1
Acta Psychiatrica Scandinavica,other,1
Acta Psychologica,other,1
Acta Scientiarum Animal Sciences,other,1
Acta Scientiarum Biological Sciences,other,1
Acta Scientifci Nutritional Health,other,1
Acta Scientific Medical Sciences,other,1
Acta Scientific Ophthalmology,other,1
Acta bio-medica dell'Ateneo parmense/Acta biomedica,other,1
Acta fytotechnica et zootechnica/Acta fytotechnica  et zootechnica,other,1
Acta herbologica,other,1
Acta onomastica,other,1
Acta veterinaria Scandinavica,other,1
Activitas Nervosa Superior,other,1
Actuators,other,1
Adaptive Behavior,other,1
Addiction,other,1
Adimas Jurnal Pengabdian Kepada Masyarakat,other,1
Administrative Sciences,other,1
Advance Social Science Archive Journal,other,1
Advanced Biotechnology,other,1
Advanced Design Research,other,1
Advanced Electronic Materials,other,1
Advanced Energy Materials,other,1
Advanced Engineering Informatics,other,1
Advanced Healthcare Materials,other,1
Advanced Industrial and Engineering Polymer Research,other,1
Advanced Intelligent Systems,other,1
Advanced Materials,other,1
Advanced and Sustainable Technologies (ASET),other,1
Advancements in health research.,other,1
Advances in Anatomic Pathology,other,1
Advances in Animal and Veterinary Sciences,other,1
Advances in Applied Sociology,other,1
Advances in Biochemistry,other,1
Advances in Economics and Management Research,other,1
Advances in Engineering Technology Research,other,1
Advances in Higher Education,other,1
Advances in Literary Study,other,1
Advances in Multimedia,other,1
Advances in Neurodevelopmental Disorders,other,1
Advances in Neurology and Neuroscience,other,1
Advances in Obesity Weight Management & Control,other,1
Advances in Pharmacology & Clinical Trials,other,1
Advances in Pharmacology and Pharmacy,other,1
Advances in Research,other,1
Advances in Simulation,other,1
Advances in Skin & Wound Care,other,1
Advances in Social Sciences Research Journal,other,1
Advances in Water Resources,other,1
Aeronautical and Aerospace Engineering,other,1
Aesthetic Surgery Journal,other,1
Affective Science,other,1
Afghanistan Journal of Infectious Diseases,other,1
Africagrowth agenda,other,1
African Entomology,other,1
African Health Sciences,other,1
African Journal Of Applied Research,other,1
African Journal of Accounting and Social Science Studies,other,1
African Journal of Agricultural and Resource Economics,other,1
African Journal of Clinical Medicine and Pharmacy Research,other,1
African Journal of Environment and Natural Science Research,other,1
African Journal of Food Agriculture Nutrition and Development,other,1
African Journal of Marine Science,other,1
African Journal of Primary Health Care & Family Medicine,other,1
African Journal of Wildlife Research,other,1
African Multidisciplinary Journal of Sciences and Artificial Intelligence,other,1
African Social Science and Humanities Journal,other,1
Afrischolar Discovery,other,1
Afro-Egyptian Journal of Infectious and Endemic Diseases,other,1
Afterall A Journal of Art Context and Enquiry,other,1
"AgEcon Search (University of Minnesota, USA)",other,1
Ageing Research Reviews,other,1
Aging Medicine,other,1
Agribusiness,other,1
Agricultural Economics Research Review,other,1
Agricultural Research,other,1
Agricultural Research & Technology Open Access Journal,other,1
Agricultural Science Digest - A Research Journal,other,1
Agricultural and Biotechnological Reflections,other,1
Agricultural and Food Technologies,other,1
Agricultural and Forest Meteorology,other,1
Agricultural science Euro-North-East,other,1
Agriculture Association of Textile Chemical and Critical Reviews,other,1
Agrikan Jurnal Agribisnis Perikanan,other,1
Agris on-line Papers in Economics and Informatics,other,1
Agriverse,other,1
Agro Bali Agricultural Journal,other,1
Agro Productividad,other,1
AgroLife Scientific Journal,other,1
Agrobiological Records,other,1
Agrology,other,1
Agrominansia,other,1
Agronomía Mesoamericana,other,1
Ain-Shams Journal of Anaesthesiology,other,1
Aksara Jurnal Ilmu Pendidikan Nonformal,other,1
Aksis Jurnal Pendidikan Bahasa dan Sastra Indonesia,other,1
Aktivisme Jurnal Ilmu Pendidikan Politik dan Sosial Indonesia,other,1
Aktualʹnye problemy vysšego muzykalʹnogo obrazovaniâ.,other,1
Al Khadim Research journal of Islamic culture and Civilization,other,1
Al Qalam Jurnal Ilmiah Keagamaan dan Kemasyarakatan,other,1
Al-Aasar,other,1
Al-Adyan Journal of Religious Studies,other,1
Al-Amwal Jurnal Ekonomi dan Perbankan Syari ah,other,1
Al-Anfal,other,1
Al-Azhar Journal of Agricultural Research,other,1
Al-Bayan Journal of Qur’an and Hadith Studies,other,1
Al-Dalili,other,1
Al-Duhaa,other,1
Al-Esraa University College journal for medical sciences.,other,1
Al-Kharaj Jurnal Ekonomi Keuangan & Bisnis Syariah,other,1
Al-Mağallah Al-Miṣriyyaẗ Lil Tanmiyyaẗ wa Al-Taẖṭīṭ/Al-Mağallah Al-Miṣriyyaẗ Lil Tanmiyyaẗ wa Al-Taẖṭīṭ ,other,1
Al-Risalah: Journal of Islamic Revealed Knowledge and Human Sciences (ARJIHS),other,1
Alanya Alaaddin Keykubat University Institutional Repository,other,1
Alcohol,other,1
Alergologia Polska - Polish Journal of Allergology,other,1
Alexandria Engineering Journal,other,1
Alexandria Science Exchange Journal,other,1
Algal Research,other,1
Algorithms,other,1
Alinea Jurnal Bahasa Sastra dan Pengajaran,other,1
Allergies,other,1
Allergy Asthma & Respiratory Disease,other,1
Allergy Asthma and Clinical Immunology,other,1
Allgemeine Homöopathische Zeitung,other,1
Almoraima: revista de estudios campogibraltareños,other,1
AlterNative An International Journal of Indigenous Peoples,other,1
Alternatives to Laboratory Animals,other,1
Altre Modernità,other,1
Alzheimer s & Dementia,other,1
Amalee Indonesian Journal of Community Research and Engagement,other,1
"Amazônica - Revista de Psicopedagogia, Psicologia escolar e Educação",other,1
American Antiquity,other,1
American Catholic Philosophical Quarterly,other,1
American Catholic Studies,other,1
American Gothic Studies,other,1
American Indian Culture and Research Journal,other,1
American Journal of Applied Bio-Technology Research,other,1
American Journal of Biomedical and Life Sciences,other,1
American Journal of Bioscience and Bioengineering,other,1
American Journal of Bioscience and Bioinformatics,other,1
American Journal of Botany,other,1
American Journal of Case Reports,other,1
American Journal of Clinical Nutrition,other,1
American Journal of Dermatopathology,other,1
American Journal of Economics and Business Innovation,other,1
American Journal of Economics and Business Management,other,1
American Journal of Economics and Sociology,other,1
American Journal of Enology and Viticulture,other,1
American Journal of Environmental Protection,other,1
American Journal of Forensic Medicine & Pathology,other,1
American Journal of Geriatric Psychiatry,other,1
American Journal of Health-System Pharmacy,other,1
American Journal of Hypertension,other,1
American Journal of Medical Case Reports,other,1
American Journal of Medical Quality,other,1
American Journal of Nursing Science,other,1
American Journal of Obstetrics and Gynecology,other,1
American Journal of Ophthalmology,other,1
American Journal of Ophthalmology Case Reports,other,1
American Journal of Otolaryngology,other,1
American Journal of Pediatric Medicine and Health Sciences (2993-2149),other,1
American Journal of Plant Biology,other,1
American Journal of Preventive Medicine,other,1
American Journal of Psychiatry,other,1
American Journal of Zoology,other,1
American Literary History,other,1
American Psychologist,other,1
American Religion,other,1
American Research Journal of Biosciences,other,1
American Scientist,other,1
American journal of social and humanitarian research.,other,1
American journal of student research.,other,1
American studies,other,1
Amrita Journal of Medicine,other,1
An-Nizam,other,1
Anaesthesia Critical Care & Pain Medicine,other,1
Anafora,other,1
Anais de filosofia clássica/Anais de Filosofia Clássica,other,1
Anais do Simpósio Latino-Americano de Estudos de Desenvolvimento Regional,other,1
Anales de la Academia de Ciencias de Cuba,other,1
Analiza i Egzystencja,other,1
Analytical Cellular Pathology,other,1
Analytical Methods,other,1
Analytical and Bioanalytical Chemistry,other,1
Andes pediatrica,other,1
Andrology,other,1
Anglisticum Journal,other,1
Anglistik,other,1
Animal Bioscience,other,1
Animal Biotechnology,other,1
Animal Models and Experimental Medicine,other,1
Animal Science and Food Technology,other,1
Animal and Veterinary Sciences,other,1
Animal nutrition,other,1
Annales Universitatis Apulensis. Series Philologica,other,1
Annales Universitatis Mariae Curie-Sklodowska sectio N Educatio Nova,other,1
Annales Universitatis Paedagogicae Cracoviensis Studia Geographica,other,1
Annales de Cardiologie et d Angéiologie,other,1
Annals of Applied Bio-Sciences,other,1
Annals of Arid Zone,other,1
Annals of Ayurvedic Medicine,other,1
Annals of Case Reports,other,1
Annals of Diagnostic Pathology,other,1
Annals of Forest Research,other,1
Annals of General Psychiatry,other,1
Annals of Internal Medicine Clinical Cases,other,1
Annals of Medicine,other,1
Annals of Microbiology,other,1
Annals of Movement Disorders,other,1
Annals of Neurology,other,1
Annals of Oncology,other,1
Annals of Physiotherapy & Occupational Therapy,other,1
Annals of Plant Protection Sciences,other,1
Annals of Translational Medicine,other,1
Annals of community health,other,1
Annals of the American Association of Geographers,other,1
Annals of the Romanian Society for Cell Biology,other,1
Annual Methodological Archive Research Review,other,1
Annual Report of The Kansai Plant Protection Society,other,1
Annual Research & Review in Biology,other,1
Annual Review of Anthropology,other,1
Annual Review of Environment and Resources,other,1
Annual Review of Genetics,other,1
Ansu Journal of Language and Literary Studies,other,1
Anthropology,other,1
Anthropology & Humanism,other,1
Anthropology and Ethnology Open Access Journal,other,1
Apis,other,1
Apollo Medicine,other,1
Apollo Project Jurnal Ilmiah Program Studi Sastra Inggris,other,1
Aposta,other,1
Appalachian heritage,other,1
Applied Acoustics,other,1
Applied Biochemistry and Biotechnology,other,1
Applied Biosciences,other,1
Applied Entomology and Zoology,other,1
Applied Linguistics,other,1
Applied Mathematical Modelling,other,1
Applied Mathematics & Information Sciences,other,1
Applied Mathematics and Nonlinear Sciences,other,1
Applied Mechanics and Materials,other,1
Applied Microbiology open access,other,1
Applied Nanoscience,other,1
Applied Neuropsychology Adult,other,1
Applied Surface Science,other,1
Applied Surface Science Advances,other,1
Applied System Innovation,other,1
Applied Water Science,other,1
Applied and Environmental Microbiology,other,1
"AquaDocs  (United Nations Educational, Scientific and Cultural Organization)",other,1
Aquacultural Engineering,other,1
Aquaculture Economics & Management,other,1
Aquaculture Environment Interactions,other,1
Aquaculture Fish and Fisheries,other,1
Aquaculture Studies,other,1
Aquatic Botany,other,1
Arabian Gulf Journal,other,1
Arabian Journal of Chemistry,other,1
Arachnology,other,1
Aracê.,other,1
Archeion,other,1
Architectural Bulletin of KNUCA,other,1
Architectural Intelligence,other,1
Archive ouverte UNIGE (University of Geneva),other,1
Archives in Neurology & Neuroscience,other,1
Archives of Agriculture and Environmental Science,other,1
Archives of Business Research,other,1
Archives of Clinical & Experimental Dermatology,other,1
Archives of Clinical Microbiology,other,1
Archives of Community Medicine and Public Health,other,1
Archives of Ecotoxicology,other,1
Archives of Forensic Medicine and Criminology,other,1
Archives of Gynecology and Obstetrics,other,1
Archives of Medical Case Reports and Case Study,other,1
Archives of Medicine,other,1
Archives of Medicine and Health Sciences,other,1
Archives of Microbiology,other,1
Archives of Natural History,other,1
Archives of Physical Medicine and Rehabilitation,other,1
Archives of Plastic Surgery,other,1
Archives of The Medicine and Case Reports,other,1
Archives of Veterinary Medicine,other,1
Archives of Veterinary Science,other,1
Archives of Virology,other,1
"Archivio Istituzionale della Ricerca - Università degli Studi della Campania ""Luigi Vanvitelli""",other,1
Archivos Latinoamericanos de Nutrición,other,1
Archivos de la Sociedad Española de Oftalmología (English Edition),other,1
Archiwum Filozofii Prawa i Filozofii Społecznej,other,1
Archiwum Kryminologii.,other,1
Arquitetura Revista,other,1
Array,other,1
Ars medica tomitana,other,1
Art Education,other,1
Art History,other,1
Art and Performance Letters,other,1
Arthaniti-Journal of Economic Theory and Practice,other,1
Arthropod Structure & Development,other,1
Arthuriana,other,1
Artificial Life,other,1
Artistic Culture Topical Issues,other,1
As-Sidanah Jurnal Pengabdian Masyarakat,other,1
As-Syirkah Islamic Economic & Financial Journal,other,1
Asia Pacific Journal of Marketing and Logistics,other,1
Asia Pacific Journal of Sustainable Agriculture Food and Energy,other,1
Asia-Pacific Journal of Business Administration,other,1
Asia-Pacific Journal of Molecular Biology and Biotechnology,other,1
Asian Bioethics Review,other,1
Asian Case Research Journal,other,1
Asian Cinema,other,1
Asian Fisheries Science,other,1
Asian Food Science Journal,other,1
Asian J of Management Science and Applications,other,1
Asian Journal of Agricultural Extension Economics & Sociology,other,1
Asian Journal of Agriculture and Development,other,1
Asian Journal of Arts and Culture,other,1
Asian Journal of Biodiversity,other,1
Asian Journal of Biological Sciences,other,1
Asian Journal of Biotechnology and Bioresource Technology,other,1
Asian Journal of Environment & Ecology,other,1
Asian Journal of Geographical Research,other,1
Asian Journal of Management and Commerce,other,1
Asian Journal of Medicine and Health,other,1
Asian Journal of Multidimensional Research,other,1
Asian Journal of Pharmaceutical and Clinical Research,other,1
Asian Journal of Pharmacognosy,other,1
Asian Journal of Research in Chemistry,other,1
Asian Journal of Research in Pharmaceutical Sciences,other,1
Asian Journal of Research in Zoology,other,1
Asian Journal of Soil Science and Plant Nutrition,other,1
Asian Journal of Transfusion Science,other,1
Asian Pacific Journal of Allergy and Immunology,other,1
Asian Review,other,1
Asian Social Science,other,1
Asian Studies,other,1
Asian Theatre Journal,other,1
Asian-Australasian Journal of Animal Sciences,other,1
Asia‐Pacific Economic History Review,other,1
Aspects of Historical Musicology,other,1
Assiut Journal of Agricultural Sciences/Assuit Journal of Agricultural Sciences,other,1
Assoeltan Indonesian Journal of Community Research and Engagement,other,1
Asthma Allergy Immunology,other,1
Athens Journal of Philology,other,1
Athens Journal of Sports,other,1
Atmosfer Jurnal Pendidikan Bahasa Sastra Seni Budaya dan Sosial Humaniora,other,1
Auditory Perception & Cognition,other,1
Austin Journal of Forensic Science and Criminology,other,1
Austin Journal of Veterinary Science & Animal Husbandry,other,1
Australasian Journal of Dermatology,other,1
Australasian Journal of Paramedicine,other,1
Australasian Journal of Philosophy,other,1
Australasian Psychiatry,other,1
Australian Journal of Agricultural Research,other,1
Australian Journal of Agricultural Veterinary and Animal Sciences (AJAVAS),other,1
Australian Journal of Agricultural and Resource Economics,other,1
Australian Journal of Environmental Education,other,1
Australian Journal of Politics & History,other,1
Australian Journal of Rural Health,other,1
Australian Zoologist,other,1
Autonomous Agents and Multi-Agent Systems,other,1
Avicenna Bulletin,other,1
Ayrıntı Dergisi,other,1
Azafea Revista de Filosofía,other,1
BALOBE Jurnal Pengabdian Masyarakat,other,1
BAWAL Widya Riset Perikanan Tangkap,other,1
BESIRU Jurnal Pengabdian Masyarakat,other,1
BFH: ARBOR,other,1
BIMA JOURNAL OF SCIENCE AND TECHNOLOGY GOMBE,other,1
BIO-PEDAGOGI,other,1
BIOCYT Biología Ciencia y Tecnología,other,1
BIOLOGY EDUCATION,other,1
BIORISK – Biodiversity and Ecosystem Risk Assessment,other,1
BIOTIK Jurnal Ilmiah Biologi Teknologi dan Kependidikan,other,1
BIRDEM Medical Journal,other,1
BMC Chemistry,other,1
BMC Developmental Biology,other,1
BMC Evolutionary Biology,other,1
BMC Genetics,other,1
BMC Neurology,other,1
BMC Neuroscience,other,1
BMC Oral Health,other,1
BMC Pediatrics,other,1
BMC Pharmacology and Toxicology,other,1
BMC Pregnancy and Childbirth,other,1
BMC Psychology,other,1
BMC Zoology,other,1
BMJ Case Reports,other,1
BMJ Global Health,other,1
BMJ Neurology Open,other,1
BMJ Open Sport & Exercise Medicine,other,1
BMJ Paediatrics Open,other,1
BMJ Quality & Safety,other,1
BRAIN BROAD RESEARCH IN ARTIFICIAL INTELLIGENCE AND NEUROSCIENCE,other,1
BSAVA Companion,other,1
BUANA ILMU,other,1
BUDIMAS JURNAL PENGABDIAN MASYARAKAT,other,1
Babcock University Medical Journal,other,1
Bacteria,other,1
Baghdad Science Journal,other,1
Balanced nature using,other,1
Balkan Journal of Philosophy,other,1
Baltic Carbon Forum,other,1
Bandırma Onyedi Eylül Üniversitesi Sağlık Bilimleri ve Araştırmaları Dergisi,other,1
Bangladesh Journal of Infectious Diseases,other,1
Bangladesh Journal of Microbiology,other,1
Banko Janakari,other,1
Barun Academy of History,other,1
Basic & Clinical Pharmacology & Toxicology,other,1
Basic and Applied Nursing Research Journal,other,1
Bastina,other,1
Batara Wisnu Journal Indonesian Journal of Community Services,other,1
Batteries & Supercaps,other,1
Bedan Research Journal,other,1
Behavior Therapy,other,1
Behavioral Sciences & the Law,other,1
Behavioral and Brain Functions,other,1
Belarusian folklore data and research,other,1
Benha Journal of Applied Sciences,other,1
Benha Veterinary Medical Journal,other,1
Betekintő :,other,1
Bhartiya Krishi Anusandhan Patrika,other,1
Bhutan Journal for Business and Management,other,1
Białostockie Studia Literaturoznawcze,other,1
Białostockie Studia Prawnicze,other,1
Bibliotekarz Podlaski Ogólnopolskie Naukowe Pismo Bibliotekoznawcze i Bibliologiczne,other,1
Bilingualism Language and Cognition,other,1
BioFactors,other,1
BioInvasions Records,other,1
BioNanoScience,other,1
BioWallacea Jurnal Penelitian Biologi (Journal of Biological Research),other,1
Biochemical Systematics and Ecology,other,1
Biochemistry & Molecular Biology Journal,other,1
Biochimica et Biophysica Acta (BBA) - General Subjects,other,1
Biochimica et Biophysica Acta (BBA) - Molecular Basis of Disease,other,1
Biochimie,other,1
Biodiversidade Brasileira,other,1
Biodiversity Information Science and Standards,other,1
Biodiversity International Journal,other,1
Bioeksperimen Jurnal Penelitian Biologi,other,1
Bioengineering,other,1
Bioethica,other,1
Biogenesis Jurnal Ilmiah Biologi,other,1
Biogerontology,other,1
Biographical Memoirs of Fellows of the Royal Society,other,1
Biography,other,1
Biointerface Research in Applied Chemistry,other,1
Biological Bulletin,other,1
Biological Communications,other,1
Biological Forum,other,1
Biological Journal of the Linnean Society,other,1
Biological Research,other,1
Biological Rhythm Research,other,1
Biological Sciences,other,1
Biological Theory,other,1
Biological and Clinical Sciences Research Journal,other,1
Biologija,other,1
Biology & Environment Proceedings of the Royal Irish Academy,other,1
Biology Bulletin Reviews,other,1
Biology Direct,other,1
Biology Methods and Protocols,other,1
Biología Acuática,other,1
Biomass and Bioenergy,other,1
Biomaterials Research,other,1
Biomedical Chromatography,other,1
Biomedical Engineering Applications Basis and Communications,other,1
Biomedical Journal of Scientific & Technical Research,other,1
Biomedicine,other,1
Biomedicine & Pharmacotherapy,other,1
Biomolecules,other,1
Biomédica,other,1
Bionatura journal :,other,1
Bionorte,other,1
Bioorganic & Medicinal Chemistry Letters,other,1
Bioorganic Chemistry,other,1
Biophilia Insights,other,1
Bioresource Technology,other,1
Bioresources and Bioprocessing,other,1
"Biosaia: Revista de los másteres de Biotecnología Sanitaria y Biotecnología Ambiental, Industrial y Alimentaria",other,1
Biosaintifika Journal of Biology & Biology Education,other,1
Bioscientia Medicina Journal of Biomedicine and Translational Research,other,1
Biosensors and Bioelectronics,other,1
Biosfer,other,1
Biotech Today,other,1
Biotechnology & Biotechnological Equipment,other,1
Biotechnology Journal,other,1
Biotechnology and Applied Biochemistry,other,1
Biotechnology and Bioprocess Engineering,other,1
Biotemas,other,1
Biotropica,other,1
Biram Samtani Sains,other,1
Bisma Jurnal Pengabdian Masyarakat,other,1
Biuletyn Polskiego Towarzystwa Językoznawczego,other,1
Black Sea Journal of Engineering and Science,other,1
Blood,other,1
Blue-Green Systems,other,1
Boanerges: Makarios Education Journal,other,1
Bodhi International Journal of Research in Humanities Arts and Science,other,1
Boletín de la SEA,other,1
Bon Voyage,other,1
Borneo Journal of Sciences and Technology,other,1
Bosque (Valdivia),other,1
Bournemouth University Research Online (Bournemouth University),other,1
Brain Behavior & Immunity - Health,other,1
Brain Behavior and Evolution,other,1
Brain Communications,other,1
Brain Research,other,1
Brain and Cognition,other,1
Brandeis Institutional Repository,other,1
Brazilian Journal of Anesthesiology (English Edition),other,1
Brazilian Journal of Biological Sciences,other,1
Brazilian Journal of Development,other,1
Brazilian Journal of Poultry Science,other,1
Brazilian Journal of Psychiatry,other,1
Britain International of Exact Sciences (BIoEx) Journal,other,1
British Journal of Applied Science & Technology,other,1
British Journal of Clinical Psychology,other,1
British Journal of General Practice,other,1
British Journal of Industrial Relations,other,1
British Journal of Nursing,other,1
British Journal of Psychology,other,1
Budapest International Research and Critics Institute  (BIRCI-Journal): Humanities and Social Sciences,other,1
Buddhist Studies Review,other,1
Budkavlen,other,1
Building and Environment,other,1
Built Environment Inquiry,other,1
Bukovinian Medical Herald,other,1
Buletin Poltanesa,other,1
Bulgarian One Health Journal,other,1
Bulletin de l Académie vétérinaire de France,other,1
Bulletin of Insectology,other,1
Bulletin of Kemerovo State University,other,1
Bulletin of Latin American Research,other,1
Bulletin of Mathematical Biology,other,1
Bulletin of Nizhnevartovsk State University,other,1
Bulletin of Problems Biology and Medicine,other,1
Bulletin of Toraighyrov University Philology series,other,1
Bulletin of University of Agricultural Sciences and Veterinary Medicine Cluj-Napoca Food Science and Technology,other,1
Bulletin of Ural Federal University Series Economics and Management,other,1
Bulletin of the European Association of Fish Pathologists,other,1
Bulletin of the Institute of Classical Studies,other,1
Bulletin of the National Research Centre/Bulletin of the National Research Center,other,1
Bulletin of the Transilvania University of Braşov Series VIII Performing Arts,other,1
Burapha Journal of Political Economy,other,1
Burapha Science Journal (วารสารวิทยาศาสตร์บูรพา ),other,1
Burns,other,1
Burns & Trauma,other,1
Business And Management Studies An International Journal,other,1
Business Horizons,other,1
Business Review and Case Studies,other,1
Bìoresursi ì prirodokoristuvannâ,other,1
C&EN Global Enterprise,other,1
C21 literature,other,1
CDELT Occasional Papers in the Development of English Education,other,1
CENDERAWASIH Jurnal Antropologi Papua,other,1
CERN Document Server (European Organization for Nuclear Research),other,1
CES Revista,other,1
CHERKASY UNIVERSITY BULLETIN ECONOMICS SCIENCES,other,1
CHEST Pulmonary,other,1
CIIS Digital Commons (California Institute of Integral Studies),other,1
CLA Journal,other,1
CODESRIA Bulletin,other,1
CONICET Digital (CONICET),other,1
COVIT (Community Service of Health),other,1
CU Scholar (University of Colorado Boulder),other,1
Cadernos de Linguística,other,1
Cahiers victoriens et édouardiens,other,1
Cai-jing yanjiu,other,1
Cairn.info,other,1
Cakrawala Jurnal Pendidikan,other,1
California Italian Studies,other,1
Caliphate Journal of Science and Technology,other,1
CaltechAUTHORS (California Institute of Technology),other,1
Cambridge Quarterly of Healthcare Ethics,other,1
Canadian Geriatrics Journal,other,1
Canadian Journal of African Studies / Revue canadienne des études africaines,other,1
Canadian Journal of Family and Youth / Le Journal Canadien de Famille et de la Jeunesse,other,1
Canadian Journal of Physiology and Pharmacology,other,1
Canadian Journal of Surgery,other,1
Cancer,other,1
Cancer Nanotechnology,other,1
Capacious:,other,1
Cardiology and Angiology An International Journal,other,1
Cardiology and Cardiovascular Medicine,other,1
Cardiology in the Young,other,1
Cardiovascular Medicine,other,1
Cardiovascular Research,other,1
Cardiovascular Toxicology,other,1
Caribbean studies,other,1
Case Reports in Cardiology,other,1
Case Reports in Medicine,other,1
Case Reports in Neurological Medicine,other,1
Case Reports in Oncology,other,1
Case Reports in Radiology,other,1
Castlemaine naturalist.,other,1
Catheterization and Cardiovascular Interventions,other,1
"Catholic education/Catholic education (Dayton, Ohio. Online)",other,1
Cell,other,1
Cell Biochemistry and Biophysics,other,1
Cell Death Discovery,other,1
Cell Host & Microbe,other,1
Cell Metabolism,other,1
Cell Research,other,1
Cellular Physiology and Biochemistry,other,1
Cellulose,other,1
Central African Journal of Public Health,other,1
Central Asian Journal of Art Studies,other,1
Central Asian Journal of Innovations on Tourism Management and Finance,other,1
Central Asian Journal of Literature Philosophy and Culture,other,1
Ceramics International,other,1
Cercetări Marine - Recherches Marines,other,1
Cereal Chemistry,other,1
Cerebral Cortex,other,1
Challenges,other,1
Channels,other,1
Chaos An Interdisciplinary Journal of Nonlinear Science,other,1
Chelovek,other,1
ChemTexts,other,1
Chemical Communications,other,1
Chemical Engineering and Processing - Process Intensification,other,1
Chemical Papers,other,1
Chemical Senses,other,1
Chemistry & Biodiversity,other,1
Chemistry and Physics of Lipids,other,1
ChemistrySelect,other,1
Chemoecology,other,1
Chiang Mai University Journal of Humanities,other,1
Child Care Health and Development,other,1
Child and Adolescent Psychiatric Clinics of North America,other,1
Child s Nervous System,other,1
Children,other,1
Children Australia,other,1
Children and Youth Services Review,other,1
Children s Geographies,other,1
Children s Literature in Education,other,1
China Economic Review,other,1
China Law Journal,other,1
China review international,other,1
Chinese Journal of Electronics,other,1
Chinese Journal of Integrative Nursing,other,1
Chinese Medicine,other,1
Chinese Medicine and Culture,other,1
Chittagong University Journal of Biological Sciences,other,1
Chophayom Journal,other,1
Christian University Journal,other,1
Chronobiology International,other,1
"Cidades, comunidades e território/Cidades comunidades e territórios",other,1
Ciencia Nicolaita,other,1
Cities and the Environment,other,1
Civil War history,other,1
Civil and Sustainable Urban Engineering,other,1
Civitas et Lex,other,1
Ciência & Educação (Bauru),other,1
Ciência Rural,other,1
Cleaner Waste Systems,other,1
Cleaner and Circular Bioeconomy,other,1
Cleaner and Responsible Consumption,other,1
Climate,other,1
Climate Literacy in Education,other,1
Climate Research,other,1
Clinical & experimental pathology,other,1
Clinical Cancer Research,other,1
Clinical Dermatology Open Access Journal,other,1
Clinical Gastroenterology and Hepatology,other,1
Clinical Genetic Research,other,1
Clinical Genetics,other,1
Clinical Journal of Sport Medicine,other,1
Clinical Kidney Journal,other,1
Clinical Liver Disease,other,1
Clinical Medicine,other,1
Clinical Microbiology Newsletter,other,1
Clinical Neurology and Neurosurgery,other,1
Clinical Psychological Science,other,1
Clinical and Experimental Health Sciences,other,1
Clinical and Experimental Nephrology,other,1
Clinical and Translational Medicine,other,1
Cluj University Journal Interdisciplinary Social Sciences and Humanities,other,1
Cluster Computing,other,1
Cogent Arts and Humanities,other,1
Cogent Business & Management,other,1
Cogent Mental Health,other,1
Cogent Psychology,other,1
Cogent Social Sciences,other,1
Cognitive Linguistics,other,1
Cognitive Research Principles and Implications,other,1
Cognitive and Behavioral Practice,other,1
Cognitive philology,other,1
Cognizance Journal of Multidisciplinary Studies,other,1
Colloid Journal,other,1
Common Knowledge,other,1
Communautaire Journal of Community Service,other,1
Communication and Race,other,1
Communication and the Public,other,1
Communications on Applied Nonlinear Analysis,other,1
Communicative & Integrative Biology,other,1
Community Based Medical Journal,other,1
Community Development Journal,other,1
Community Ecology,other,1
Community Literacy Journal,other,1
Community Pengawas Dinamika Sosial,other,1
Comparative Biochemistry and Physiology Part A Molecular & Integrative Physiology,other,1
Comparative Biochemistry and Physiology Part D Genomics and Proteomics,other,1
Comparative Islamic Studies,other,1
Comparative Legilinguistics,other,1
Comparative drama,other,1
Complementary Medicine Journal,other,1
Complementary Medicine Research,other,1
Complementary Therapies in Clinical Practice,other,1
Comprehensive Child Studies,other,1
Comprehensive Reviews in Food Science and Food Safety,other,1
Comptes Rendus Biologies,other,1
Computational Biology and Chemistry,other,1
Computational Urban Science,other,1
Computational and Theoretical Chemistry,other,1
Computer Fraud & Security,other,1
Computers & Electrical Engineering,other,1
Computers & Operations Research,other,1
Computers in Human Behavior,other,1
Concurrency and Computation Practice and Experience,other,1
Conference on English Language Teaching,other,1
Confluence Journal of Pure and Applied Science,other,1
Conicet,other,1
Conservation,other,1
Contemporary Arab Affairs,other,1
Contemporary Buddhism,other,1
Contemporary Clinical Trials Communications,other,1
Contemporary French and Francophone Studies,other,1
Contemporary Music Review,other,1
Contemporary Psychology,other,1
Contemporary Security Policy,other,1
Contingent Horizons The York University Student Journal of Anthropology,other,1
Convergence English Language & Literature Association,other,1
Conversatoria Litteraria,other,1
Cosmetics,other,1
Cracow Indological Studies,other,1
Create (Canterbury Christ Church University),other,1
Creative Arts in Education and Therapy,other,1
Crime Media Culture An International Journal,other,1
Critical AI,other,1
Critical Arts,other,1
Critical Care,other,1
Critical Care Medicine,other,1
Critical Philosophy of Race,other,1
Critical Review of International Social and Political Philosophy,other,1
Critical Reviews in Biotechnology,other,1
Critical Reviews in Toxicology,other,1
Croatian Nursing Journal,other,1
Crop Research,other,1
Crop Science,other,1
Cross Current International Journal of Medical and Biosciences,other,1
Cross-Border Journal of Business Management,other,1
Crossroads A Journal of English Studies,other,1
Cultura,other,1
Cultura Educación y Sociedad,other,1
Cultural Anthropology,other,1
Cultural Critique,other,1
Cultural Geographies,other,1
Cultural Science Journal,other,1
Cultural Studies of Science Education,other,1
Culture Crossroads,other,1
Culture Studies &#x2194 Critical Methodologies,other,1
"Culture, theory and critique/Culture, theory & critique",other,1
Current Allergy and Asthma Reports,other,1
Current Analytical Chemistry,other,1
Current Chemical Biology,other,1
Current Clinical and Medical Education,other,1
Current Developments in Nutrition,other,1
Current Diabetes Reviews,other,1
Current Drug Research Reviews,other,1
Current Food Science and Technology Reports,other,1
Current Issues in Comparative Education,other,1
Current Issues in Molecular Biology,other,1
Current Neuropharmacology,other,1
Current Nutrition Reports,other,1
Current Opinion in Allergy and Clinical Immunology,other,1
Current Opinion in Environmental Science & Health,other,1
Current Opinion in Food Science,other,1
Current Pain and Headache Reports,other,1
Current Pediatric Reviews,other,1
Current Pharmaceutical Design,other,1
Current Problems in Diagnostic Radiology,other,1
Current Problems of Psychiatry,other,1
Current Psychology,other,1
Current Research in Environmental & Applied Mycology,other,1
Current Research in Food Science,other,1
Current Science,other,1
Current Sports Medicine Reports,other,1
Current Topic in Lactic Acid Bacteria and Probiotics,other,1
Current Topics in Medicinal Chemistry,other,1
Current Treatment Options in Allergy,other,1
CyTA - Journal of Food,other,1
Cybernetics & Systems,other,1
Cytokine,other,1
Cytoskeleton,other,1
Czas Kultury,other,1
D Y Patil Journal of Health Sciences,other,1
D-Scholarship@Pitt (University of Pittsburgh),other,1
DANDE Journal of Social Sciences and Communication,other,1
DELOS Desarrollo Local Sostenible,other,1
DEPIK,other,1
DESAMU: Prosiding Diseminasi KKN Universitas Mulawarman,other,1
DEStech Transactions on Social Science Education and Human Science,other,1
DEVOSI,other,1
DEVOTE Jurnal Pengabdian Masyarakat Global,other,1
DIET FACTOR (Journal of Nutritional & Food Sciences),other,1
DIGITAL.CSIC (Spanish National Research Council (CSIC)),other,1
DIYÂR,other,1
DJ International Journal of Advances in Microbiology & Microbiological Research,other,1
DNA Decipher Journal,other,1
DNK Documentatieblad voor de Nederlandse kerkgeschiedenis na 1800,other,1
DOKITA,other,1
Daengku Journal of Humanities and Social Sciences Innovation,other,1
Daffodil International University journal of allied health sciences.,other,1
DalSpace (Dalhousie University),other,1
Darden Business Publishing Cases,other,1
Darma Diksani Jurnal Pengabdian Ilmu Pendidikan Sosial dan Humaniora,other,1
Das Questões,other,1
Data,other,1
Davao Research Journal,other,1
Debates em Educação Científica e Tecnológica/Revista Eletrônica Debates em Educação Científica e Tecnológica,other,1
Deep Sea Research Part I Oceanographic Research Papers,other,1
Deep Sea Research Part II Topical Studies in Oceanography,other,1
Deleuze and Guattari Studies,other,1
Delta Agriculturist,other,1
Dendrobiology,other,1
Dental Hypotheses,other,1
Dental Journal (Majalah Kedokteran Gigi),other,1
Dental Science Updates /Dental Science Updates,other,1
Departures in Critical Qualitative Research,other,1
Depression and Anxiety,other,1
Der Hautarzt,other,1
Derecho Animal Forum of Animal Law Studies,other,1
Dermatology Online Journal,other,1
Development and Change,other,1
Development of education,other,1
Developmental Cell,other,1
Developmental Neuroscience,other,1
Developmental Observer,other,1
Devotion Journal of Research and Community Service,other,1
Dewantara Jurnal Pendidikan Sosial Humaniora,other,1
Dhaka Vishwaviddalaya Potrika,other,1
Dhammadhara Journal of Buddhist Studies,other,1
Dhammathas Academic Journal,other,1
Dharma Bhakti,other,1
Dharma Raflesia Jurnal Ilmiah Pengembangan dan Penerapan IPTEKS,other,1
Dhurakij Pundit Communication Arts Journal,other,1
DiRROS repository (University of Maribor),other,1
Diabetes,other,1
Diagnostics,other,1
Dialog,other,1
Dialogue and Universalism,other,1
Dialogues in Health,other,1
Diffractions,other,1
Digestive and Liver Disease,other,1
Digital Archive @ GSU,other,1
Digital Ciencia UAQRO,other,1
Digital Collections of Colorado (Colorado State University),other,1
Digital Commons - East Tennessee State University (East Tennessee State University),other,1
Digital Commons - Gardner-Webb University (Gardner–Webb University),other,1
Digital Commons - Lingnan (Lingnan University),other,1
Digital Commons @ Connecticut College (Connecticut College),other,1
Digital Commons at Illinois Wesleyan University (Illinois Wesleyan University),other,1
Digital Commons-Sarah Lawrence (Sarah Lawrence College),other,1
"Digital Showcase Research, Scholarship, & Creative Works (University of Lynchburg)",other,1
DigitalCommons - CalPoly (California State Polytechnic University),other,1
DigitalCommons-Macalester (Macalester College),other,1
Dimensi,other,1
Dinamika Sosial Jurnal Pendidikan Ilmu Pengetahuan Sosial,other,1
Dinamisia Jurnal Pengabdian Kepada Masyarakat,other,1
Dipòsit Digital de la Universitat de Barcelona (Universitat de Barcelona),other,1
Disaster Prevention and Management An International Journal,other,1
Discourse Context & Media,other,1
Discourse Studies in the Cultural Politics of Education,other,1
Discover Conservation,other,1
Discover Oceans,other,1
Discover Psychology,other,1
Discrete and Continuous Dynamical Systems - B,other,1
Disease Markers,other,1
Disease-a-Month,other,1
Diversity and Distributions,other,1
Divyayatan - A Journal of Lakulish Yoga University.,other,1
Dostoevsky and World Culture Philological journal,other,1
Douleurs Évaluation - Diagnostic - Traitement,other,1
Drug and Alcohol Dependence,other,1
Drug and Alcohol Review,other,1
Drug and Chemical Toxicology,other,1
Drugs & Therapy Perspectives,other,1
Duna: Revista Multidisciplinar de Inovação e Práticas de Ensino,other,1
Dusit Thani College Journal,other,1
Dutse Journal of Pure and Applied Sciences,other,1
Dyskurs Prawniczy i Administracyjny.,other,1
Düzce Üniversitesi Bilim ve Teknoloji Dergisi,other,1
E-Amal Jurnal Pengabdian Kepada Masyarakat,other,1
EAS Journal of Medicine and Surgery,other,1
EBONY Journal of English Language Teaching Linguistics and Literature,other,1
ECNU Review of Education,other,1
ECO-BUILD Economy Bring Ultimate Information All About Development Journal,other,1
ECONOMIA AGRO-ALIMENTARE,other,1
ECORFAN Journal Republic of Paraguay,other,1
ECOTROPHIC Jurnal Ilmu Lingkungan (Journal of Environmental Science),other,1
EFSA Supporting Publications,other,1
EKONOMIKAWAN Jurnal Ilmu Ekonomi dan Studi Pembangunan,other,1
EKONOMIS Journal of Economics and Business,other,1
EKONOMISTI,other,1
EL2J (English Language and Literature Journal),other,1
ELH,other,1
EMU DSpace,other,1
ENTRAMADO,other,1
EPJ Data Science,other,1
EPRA International Journal of Agriculture and Rural Economic Research,other,1
ETHOS (Jurnal Penelitian dan Pengabdian),other,1
EULAR Rheumatology Open,other,1
EUREKA Life Sciences,other,1
EUROPEAN JOURNAL OF ENVIRONMENTAL SCIENCES,other,1
EUROPEAN RESEARCH,other,1
EXCELLENCE Journal of English and English Education,other,1
EXCLI journal,other,1
Ear Nose & Throat Journal,other,1
Early Education and Development,other,1
Early Human Development,other,1
Early Music,other,1
Early Years Educator,other,1
East African Journal of Education Studies,other,1
East African Medical Journal,other,1
Eastern African Literary and Cultural Studies,other,1
Eastern Journal of Psychiatry,other,1
EcoHealth,other,1
Ecography,other,1
Ecohydrology,other,1
Ecohydrology & Hydrobiology,other,1
Ecological Applications,other,1
Ecological Informatics,other,1
Ecological Monographs,other,1
Ecological Questions,other,1
Ecological Solutions and Evidence,other,1
Ecology,other,1
Ecology Letters,other,1
Economic Profile,other,1
Economic scope,other,1
"Economic, Management, Business and Accountancy International Journal",other,1
Economica,other,1
Economics & Human Biology,other,1
Economics and Business Journal (ECBIS),other,1
Economics and Management,other,1
Ecopsychology,other,1
Ecosystem Health and Sustainability,other,1
Ecosystems,other,1
Ecotoxicology and Environmental contamination,other,1
Ecozon European Journal of Literature Culture and Environment,other,1
Ecumenica,other,1
Edebî Eleştiri Dergisi,other,1
Edelweiss Applied Science and Technology,other,1
Edu Cendikia Jurnal Ilmiah Kependidikan,other,1
Education and Technologies Journal,other,1
Educational Philosophy and Theory,other,1
Educational Psychology,other,1
Educational policy analysis and strategic research,other,1
Edukasi Islami Jurnal Pendidikan Islam,other,1
Edumaspul - Jurnal Pendidikan,other,1
Effetti di lettura / Effects of reading,other,1
"Egyptian Academic Journal of Biological Sciences. E, Medical Entomology and Parasitology",other,1
Egyptian Dental Journal /Egyptian Dental Journal,other,1
Egyptian Informatics Journal,other,1
Egyptian Journal of Agricultural Research,other,1
Egyptian Journal of Biological Pest Control,other,1
Egyptian Journal of Genetics and Cytology,other,1
Egyptian Journal of Nutrition and Feeds,other,1
Egyptian Journal of Pure and Applied Science,other,1
Egyptian Journal of Veterinary Science,other,1
Egyptian Pediatric Association Gazette,other,1
Egyptian Pharmaceutical Journal,other,1
Eighteenth-Century Life,other,1
Einstein Journal of Biology and Medicine,other,1
Ekonomi Politika ve Finans Arastirmalari Dergisi,other,1
Ekonomija teorija i praksa,other,1
Ekspresi,other,1
El Servicio de Difusión de la Creación Intelectual (National University of La Plata),other,1
Electronic Journal of Open and Distance Innovative Learning (e-JODIL),other,1
Electronic Kyiv-Mohyla Academy Institutional Repository (National University of Kyiv-Mohyla Academy),other,1
Electronics Letters,other,1
Elementa Science of the Anthropocene,other,1
Elementy Sztuka i Dizajn,other,1
Emerald Emerging Markets Case Studies,other,1
Emergency Medicine Clinics of North America,other,1
Emergent Materials,other,1
Emerging Microbes & Infections,other,1
Emerging Topics in Life Sciences,other,1
Emerging infectious diseases,other,1
Emirates Journal of Food and Agriculture,other,1
Emotion,other,1
Emotions History Culture Society,other,1
Empiricism Journal,other,1
Endangered Species Research,other,1
Endocrine Metabolic & Immune Disorders - Drug Targets,other,1
Endokrynologia,other,1
Endokrynologia Polska,other,1
Endovascular Neuroradiology,other,1
Energies,other,1
Energy,other,1
Energy & environment materials,other,1
Energy Conversion and Management,other,1
Energy Economics,other,1
Energy Policy,other,1
Energy Sources Part A Recovery Utilization and Environmental Effects,other,1
Energy Sustainable Development/Energy for sustainable development,other,1
Enfermedades Infecciosas y Microbiología Clínica,other,1
Enfermería Clínica (English Edition),other,1
Engineered Science,other,1
Engineering Access,other,1
Engineering Research Journal,other,1
Engineering Sciences And Technologies,other,1
Engineering Technology & Applied Science Research,other,1
Engineering With Computers,other,1
Engineering and Applied Science Letters,other,1
Engineering in Life Sciences,other,1
English Journal of the English Association,other,1
English Language and Literature Studies,other,1
English Literary Renaissance,other,1
English Studies in Africa,other,1
English Teaching Practice & Critique,other,1
English studies in Canada,other,1
Entanglements Journal of Posthumanities,other,1
Enterprise Information Systems,other,1
Entertainment Computing,other,1
Enthusiastic International Journal of Applied Statistics and Data Science,other,1
Entomology and Applied Science Letters,other,1
Entreciencias diálogos en la Sociedad del Conocimiento,other,1
Entropy,other,1
Environment Space Place,other,1
Environment and Planning C Politics and Space,other,1
Environment and Planning D Society and Space,other,1
Environmental & Socio-economic Studies,other,1
Environmental Advances,other,1
Environmental Chemistry Letters,other,1
Environmental Ethics,other,1
Environmental Evidence,other,1
Environmental Health,other,1
Environmental Health Insights,other,1
Environmental Medicine,other,1
Environmental Microbiology,other,1
Environmental Microbiome,other,1
Environmental Philosophy,other,1
Environmental Politics,other,1
Environmental Research and Ecotoxicity,other,1
Environmental Science & Policy,other,1
Environmental Science Processes & Impacts,other,1
Environmental Science and Ecotechnology,other,1
Environmental and Climate Technologies,other,1
Environmental and Ecological Statistics,other,1
Environmental and Experimental Botany,other,1
Environments,other,1
Environnement Risques Santé,other,1
Epidemiologic Methods,other,1
Epidemiology International Journal,other,1
Epidemiology and Health,other,1
Epigenetics,other,1
Epilepsy & Behavior,other,1
Epistemology & Philosophy of Science,other,1
Epistemé Jurnal Pengembangan Ilmu Keislaman,other,1
Eprints (Universitas Negeri Makassar),other,1
Eqien Jurnal Ekonomi dan Bisnis,other,1
Equine Veterinary Education,other,1
Erdem,other,1
Erothanatos.,other,1
Espacialidades,other,1
Essence & Critique: Journal of Literature and Drama Studies,other,1
Estuaries and Coasts,other,1
Estudios de derecho,other,1
Ethics,other,1
Ethics Policy & Environment,other,1
Ethics in Biology Engineering and Medicine An International Journal,other,1
Ethiek en Maatschappij,other,1
Ethnic studies review,other,1
Ethnobiology Letters,other,1
Ethnobotany Research and Applications,other,1
Ethnohistory,other,1
Etnoantropološki problemi / Issues in Ethnology and Anthropology,other,1
Etnografías contemporáneas,other,1
Eudora Welty review,other,1
Eurasia Journal of Mathematics Science and Technology Education,other,1
Eurasian Journal of Ecology,other,1
Eurasian Journal of Philology Science and Education,other,1
Eurasian Journal of Religious Studies,other,1
Eurasian Journal of Science and Engineering,other,1
Eurasian Journal of Toxicology,other,1
European Annals of Allergy and Clinical Immunology,other,1
European Archives of Oto-Rhino-Laryngology,other,1
European Energy and Environmental Law Review,other,1
European Food Research and Technology,other,1
European Geriatric Medicine,other,1
European Health Psychologist,other,1
European Heart Journal Acute Cardiovascular Care,other,1
European Journal for the History of Medicine and Health,other,1
European Journal of Cancer,other,1
European Journal of Case Reports in Internal Medicine,other,1
European Journal of Dentistry,other,1
European Journal of Development Studies,other,1
European Journal of Digital Economy Research,other,1
European Journal of Emerging Scientific Research,other,1
European Journal of Histochemistry,other,1
European Journal of Horticultural Science,other,1
European Journal of Human Genetics,other,1
European Journal of Lipid Science and Technology,other,1
European Journal of Medical Genetics,other,1
European Journal of Medical and Health Sciences,other,1
European Journal of Medicine and Natural Sciences,other,1
European Journal of Multidisciplinary Studies,other,1
European Journal of Natural Sciences and Medicine,other,1
European Journal of Orthopaedic Surgery & Traumatology,other,1
European Journal of Pharmaceutics and Biopharmaceutics,other,1
European Journal of Psychology and Educational Research,other,1
European Journal of Social Sciences Education and Research,other,1
European Journal of Theoretical and Applied Sciences,other,1
European Journal of Veterinary Medicine,other,1
European Political and Law Discourse,other,1
European Review of Applied Psychology,other,1
European Social - Legal Humanitarian Studies.,other,1
European Spine Journal,other,1
European Sport Management Quarterly,other,1
"European journal of economics, law and social sciences",other,1
Event Management,other,1
Evergreen,other,1
Evidence-Based Nursing Research,other,1
Evidence-Based Toxicology,other,1
Evolution and Human Behavior,other,1
Evolutionary Psychological Science,other,1
Evolutionary and Institutional Economics Review,other,1
Evolving Systems,other,1
Excellencia: International Multi-disciplinary Journal of Education (2994-9521),other,1
Exchanges The Interdisciplinary Research Journal,other,1
Exercise Biochemistry Review,other,1
"Exhibit - A Showcase of Scholarship, Creativity and Preservation Provided by Xavier University Library (Xavier University)",other,1
Experimental Biology and Medicine,other,1
Experimental Gerontology,other,1
Experimental Neurology,other,1
Experimental Physiology,other,1
Experimental Psychology (formerly Zeitschrift für Experimentelle Psychologie),other,1
Experimental Results,other,1
Experimental Techniques in Urology & Nephrology,other,1
Experimental Thermal and Fluid Science,other,1
FEBS Journal,other,1
FEMS Microbiology Ecology,other,1
FIKROTUNA Jurnal Pendidikan dan Manajemen Islam,other,1
FOOD SCIENCE RESEARCH JOURNAL,other,1
FUDMA Journal of Agriculture and Agricultural Technology,other,1
FUDMA Journal of Sciences,other,1
FUUAST Journal of Biology,other,1
Fachrepositorium Lebenswissenschaften,other,1
Facial Plastic Surgery,other,1
Faedah Jurnal Hasil Kegiatan Pengabdian Masyarakat Indonesia,other,1
Falmouth University Research Repository (FURR) (Falmouth University),other,1
Family Medicine & Primary Care Review,other,1
Family Upbringing,other,1
Far Eastern Agrarian Herald,other,1
Farmatsevtychnyi zhurnal,other,1
Fashion Highlight,other,1
Fayoum Journal of Agricultural Research and Development /Fayoum Journal of Agricultural Research and Development,other,1
Federalism,other,1
Feminist Media Studies,other,1
Feminist Review,other,1
Fermentation,other,1
Fertility & Reproduction,other,1
Fiep Bulletin - online,other,1
Film & history,other,1
Film Fashion & Consumption,other,1
Film Quarterly,other,1
Filo-Sofija,other,1
Filozoficzne Aspekty Genezy,other,1
First Monday,other,1
First Nations Health and Wellbeing - The Lowitja Journal,other,1
Fisheries & Aquatic Life,other,1
Fisheries and aquatic sciences,other,1
Flavour and Fragrance Journal,other,1
Florentia iliberritana: Revista de estudios de antigüedad clásica,other,1
Florida Entomologist,other,1
Flourishing Journal,other,1
Folia Malacologica,other,1
Folia Medica,other,1
Folia veterinaria,other,1
Food Additives & Contaminants Part A,other,1
Food Biophysics,other,1
Food Engineering Reviews,other,1
Food Ethics,other,1
Food Frontiers,other,1
Food Hydrocolloids,other,1
Food Industry,other,1
Food Microbiology,other,1
Food Processing Techniques and Technology,other,1
Food Protection Trends,other,1
Food Safety and Health,other,1
Food ScienTech Journal,other,1
Food Science & Nutrition Technology,other,1
Food Science and Engineering,other,1
Food Science and Preservation,other,1
Food Science and Technology International,other,1
Food Science and Technology Research,other,1
Food Science of Animal Products,other,1
Food Science of Animal Resources,other,1
Food and Agribusiness Management,other,1
Food and Ecological Systems Modelling Journal,other,1
Food and Environment Safety Journal,other,1
Food and Environmental Virology,other,1
Food and Nutrition Sciences,other,1
Food and public health,other,1
Forensic Science International,other,1
Forensic Sciences,other,1
Forest Policy and Economics,other,1
Forestry Studies / Metsanduslikud Uurimused,other,1
Fortschritte der Neurologie · Psychiatrie,other,1
Fortune Journal of Health Sciences,other,1
Forum Internacional de Resíduos Sólidos - Anais,other,1
Forum Lingwistyczne,other,1
Forum Prawnicze,other,1
Fractals,other,1
Framework The Journal of Cinema and Media,other,1
French Studies Bulletin,other,1
Freshwater Biology,other,1
Frontiers The Interdisciplinary Journal of Study Abroad,other,1
Frontiers in Arachnid Science,other,1
Frontiers in Art Research,other,1
Frontiers in Cardiovascular Medicine,other,1
Frontiers in Chemistry,other,1
Frontiers in Child and Adolescent Psychiatry,other,1
Frontiers in Communication,other,1
Frontiers in Digital Health,other,1
Frontiers in Drug Discovery,other,1
Frontiers in Energy Research,other,1
Frontiers in Fungal Biology,other,1
Frontiers in Global Women s Health,other,1
Frontiers in Health Informatics,other,1
Frontiers in Health Services,other,1
Frontiers in Humanities and Social Sciences,other,1
Frontiers in Industrial Microbiology,other,1
Frontiers in Materials,other,1
Frontiers in Oncology,other,1
Frontiers in Plant Science,other,1
Frontiers in Robotics and AI,other,1
Frontiers in Soil Science,other,1
Frontiers in Systems Biology,other,1
Frontiers in Toxicology,other,1
Frontiers in Water,other,1
Frontiers in bioscience,other,1
Frontiers of Agricultural Science and Engineering,other,1
Fundamina,other,1
Fungal Biology,other,1
Fungal Biology Reviews,other,1
Future Generation Computer Systems,other,1
Futurity Medicine.,other,1
Fìlologìčnì dìalogi,other,1
G3 Genes Genomes Genetics,other,1
GCB Bioenergy,other,1
GEMA Lingkungan Kesehatan,other,1
GEORGIKON FOR AGRICULTURE,other,1
GKU Journal of Multidisciplinary Research,other,1
GLS Law Journal.,other,1
GM crops & food,other,1
GOVERNANCE Jurnal Ilmiah Kajian Politik Lokal dan Pembangunan,other,1
"GRAN TOUR, REVISTA DE INVESTIGACIONES TURÍSTICAS",other,1
GSC Advanced Research and Reviews,other,1
GSC Biological and Pharmaceutical Sciences,other,1
GUYUB Journal of Community Engagement,other,1
Gadjah Mada International Journal of Business,other,1
Galactica Media Journal of Media Studies,other,1
Galenika Medical Journal,other,1
Gansu Nongye Daxue xuebao,other,1
Gastroenterology  Medicine & Research,other,1
Gateway Journal for Modern Studies and Research (GJMSR),other,1
Gdańskie Studia Azji Wschodniej,other,1
General and Comparative Endocrinology,other,1
Genes & Genomics,other,1
Genes Brain & Behavior,other,1
Genetics and Molecular Research,other,1
Genius Journal,other,1
Genocide Studies and Prevention,other,1
Genomics,other,1
Genta Hredaya Media Informasi Ilmiah Jurusan Brahma Widya STAHN Mpu Kuturan Singaraja,other,1
GeoHealth,other,1
GeoJournal of Tourism and Geosites,other,1
Geochimica et Cosmochimica Acta,other,1
Geoenergy Science and Engineering,other,1
Geoforum,other,1
Geographical Journal,other,1
Geographical Research,other,1
Geography and water resources,other,1
Geologica Belgica,other,1
Geoscience Canada,other,1
Geriatrics and gerontology international/Geriatrics & gerontology international,other,1
German Politics,other,1
German Studies Review,other,1
Gesellschaft für Informatik (GI),other,1
Gestalt Review,other,1
Ghent University Academic Bibliography (Ghent University),other,1
Gland Surgery,other,1
Global Advances in Health and Medicine,other,1
Global Digital & Print Media Review,other,1
Global Educational Studies Review,other,1
Global Environment,other,1
Global Health Science and Practice,other,1
Global Insights Journal,other,1
Global Journal of Allergy,other,1
"Global Journal of Biology, Agriculture & Health Sciences",other,1
Global Journal of Human Social Science,other,1
Global Journal of Human-Social Science,other,1
Global Journal of Medical Research,other,1
Global NEST Journal,other,1
Global Philosophy,other,1
Global Regional Review,other,1
Global Research Journal,other,1
Global Social Challenges Journal,other,1
Global Studies on Economics and Finance,other,1
Global Sustainability,other,1
Global and Planetary Change,other,1
Goethe yearbook,other,1
Gospodarka Narodowa,other,1
Gothenburg University Publications Electronic Archive (Gothenburg University),other,1
Grantee Submission,other,1
Gredos (University of Salamanca),other,1
Greener Journal of Biological Sciences,other,1
Griffith Law Review,other,1
Guayana Moderna,other,1
Gyepgazdálkodási Közlemények,other,1
HAPSc Policy Briefs Series,other,1
HAYATI Journal of Biosciences,other,1
HCA Healthcare Journal of Medicine,other,1
HIGIENE: Jurnal Kesehatan Lingkungan,other,1
HIV/AIDS - Research and Palliative Care,other,1
HORIZON / Fenomenologicheskie issledovanija/ STUDIEN ZUR PHÄNOMENOLOGIE / STUDIES IN PHENOMENOLOGY / ÉTUDES PHÉNOMÉNOLOGIQUES,other,1
HUTAN TROPIKA,other,1
Hacettepe Üniversitesi Sağlık Bilimleri Fakültesi Dergisi,other,1
Halduskultuur,other,1
Haliç Üniversitesi Sağlık Bilimleri Dergisi,other,1
Hankuk University of Foreign Studies Literature Studies,other,1
Harvard Educational Review,other,1
Harvard Journal of Asiatic Studies,other,1
Hasanuddin Economics and Business Review,other,1
Hasanuddin University Repository,other,1
Headache Medicine/Revista Headache Medicine,other,1
Health,other,1
Health Economics and Management Review,other,1
Health Food & Biotechnology,other,1
Health Notions,other,1
Health Promotion International,other,1
Health Psychology Review,other,1
Health Psychology and Behavioral Medicine,other,1
Health Sciences Journal,other,1
Health Security,other,1
Health Services Research and Managerial Epidemiology,other,1
Health and History,other,1
Health and Quality of Life Outcomes,other,1
Health and Technology,other,1
Health and Technology Journal (HTechJ),other,1
HemaSphere,other,1
Hemera Zoa,other,1
Herald of Economics,other,1
Heredity,other,1
Hermes,other,1
Highlights in Science Engineering and Technology,other,1
Hiperboreea Journal of History,other,1
Hiroshima University Institutional Repository,other,1
Hispana,other,1
Hispanic American Historical Review,other,1
Hispanófila/Hispanófila,other,1
Histoire sociale,other,1
Historia Crítica,other,1
Historical Biology,other,1
Historical Records of Australian Science,other,1
Historical and social-educational ideas,other,1
History,other,1
History & Philosophy of Psychology,other,1
History of Philosophy Quarterly,other,1
History of Political Economy,other,1
History of science and technology,other,1
History of the Present,other,1
Histos,other,1
Home,other,1
Homo et Societas,other,1
Hong Kong Journal of Social Sciences,other,1
Horizontes de enfermería,other,1
Hospitality Insights,other,1
Hualin International Journal of Buddhist Studies,other,1
Hukum dan Masyarakat Madani,other,1
Human & Experimental Toxicology,other,1
Human Arenas,other,1
Human Cell,other,1
Human Dimensions of Wildlife,other,1
Human Molecular Genetics,other,1
Human-Animal Interactions,other,1
Humanistic Approach to Sport and Exercise Studies (HASES),other,1
Hungarian Studies Review,other,1
Hydrology,other,1
Hygiene,other,1
Hyperrhiz New Media Cultures,other,1
Hypertension News,other,1
IARJSET,other,1
IDCases,other,1
IDOSR JOURNAL OF COMMUNICATION AND ENGLISH,other,1
IEEE Communications Standards Magazine,other,1
IEEE Instrumentation & Measurement Magazine,other,1
IEEE Open Journal of Intelligent Transportation Systems,other,1
IEEE Transactions on Affective Computing,other,1
IEEE Transactions on Automation Science and Engineering,other,1
IEEE Transactions on Computational Social Systems,other,1
IEEE Transactions on Geoscience and Remote Sensing,other,1
IEEE Transactions on Multimedia,other,1
IEEE Transactions on Systems Man and Cybernetics Systems,other,1
IEIE Transactions on Smart Processing and Computing,other,1
IET Intelligent Transport Systems,other,1
IET Renewable Power Generation,other,1
IETE Journal of Research,other,1
IFAC-PapersOnLine,other,1
IGKOJEI Jurnal Pengabdian Masyarakat,other,1
IIARD INTERNATIONAL JOURNAL OF GEOGRAPHY AND ENVIRONMENTAL MANAGEMENT,other,1
IJARCCE,other,1
IJECS Indonesian Journal of Empowerment and Community Services,other,1
IJIREEICE,other,1
IJRDO - Journal of Social Science and Humanities Research,other,1
ILMU KELAUTAN Indonesian Journal of Marine Sciences,other,1
ILN Journal: Indian Literary Narratives.,other,1
IMF Staff Country Reports,other,1
IMPARSIAL: Jurnal Pengabdian dan Pemberdayaan Masyarakat,other,1
INDIAN JOURNAL OF AYURVEDA & INTEGRATIVE MEDICINE KLEU,other,1
INDIAN JOURNAL OF PHYSIOLOGY AND ALLIED SCIENCES,other,1
INDONESIAN JOURNAL OF CLINICAL PATHOLOGY AND MEDICAL LABORATORY,other,1
INTELIGENCIA ARTIFICIAL,other,1
INTENSIF Jurnal Ilmiah Penelitian dan Penerapan Teknologi Sistem Informasi,other,1
INTERACTION Jurnal Pendidikan Bahasa,other,1
INTERNATIONAL INTEGRALIZE SCIENTIFIC,other,1
INTERNATIONAL JOURNAL OF AGRICULTURAL SCIENCES,other,1
INTERNATIONAL JOURNAL OF AGRIWORLD,other,1
"INTERNATIONAL JOURNAL OF ARTS, LANGUAGES AND BUSINESS STUDIES",other,1
INTERNATIONAL JOURNAL OF FILM AND MEDIA ARTS,other,1
INTERNATIONAL JOURNAL OF HEALTH AND PHARMACEUTICAL RESEARCH,other,1
INTERNATIONAL JOURNAL OF INNOVATIONS & RESEARCH ANALYSIS,other,1
INTERNATIONAL JOURNAL OF RESEARCH IN MANAGEMENT FIELDS,other,1
INTERNATIONAL JOURNAL OF SOCIAL SCIENCES AND MANAGEMENT RESEARCH,other,1
INTI JOURNAL.,other,1
IOSR Journal of Humanities and Social Science,other,1
IOSR Journal of Pharmacy and Biological Sciences,other,1
IP Indian Journal of Clinical and Experimental Dermatology,other,1
IP Indian Journal of Immunology and Respiratory Medicine,other,1
IP Indian Journal of Neurosciences,other,1
IP International Journal of Medical Microbiology and Tropical Diseases,other,1
IRA International Journal of Education and Multidisciplinary Studies,other,1
IRA-International Journal of Management & Social Sciences,other,1
"IRL - University of Missouri, St. Louis (University of Missouri–St. Louis)",other,1
IUBAT Review,other,1
IZA World of Labor,other,1
Ianna Journal of Interdisciplinary Studies,other,1
Ibom Medical Journal,other,1
Icarus,other,1
IdeBahasa,other,1
Ikhtilāl/hā-yi ̒aṣabī taḥavvulī.,other,1
Ilmu Budaya Jurnal Bahasa Sastra Seni dan Budaya,other,1
Ilmu Ekonomi Manajemen dan Akuntansi,other,1
Imagologiya i komparativistika,other,1
Imajinasi,other,1
Immunotherapy Open Access,other,1
In Practice,other,1
In Vitro Cellular & Developmental Biology - Plant,other,1
Incursions into the Imaginary,other,1
Indian Educational Researcher,other,1
Indian Forester,other,1
Indian Journal of Animal Research,other,1
Indian Journal of Biochemistry and Biophysics,other,1
Indian Journal of Cancer,other,1
Indian Journal of Clinical Cardiology,other,1
Indian Journal of Colo-Rectal Surgery,other,1
Indian Journal of Dental Research,other,1
Indian Journal of ECMO,other,1
Indian Journal of Fisheries,other,1
Indian Journal of Forensic Medicine & Toxicology,other,1
Indian Journal of Horticulture,other,1
Indian Journal of Kidney Diseases,other,1
Indian Journal of Labour Economics,other,1
Indian Journal of Medical & Health Sciences,other,1
Indian Journal of Medical and Paediatric Oncology,other,1
Indian Journal of Mednodent and Allied Sciences,other,1
Indian Journal of Mental Health(IJMH),other,1
Indian Journal of Microbiology,other,1
Indian Journal of Microbiology Research,other,1
Indian Journal of Multilingual Research and Development,other,1
Indian Journal of Neurotrauma,other,1
Indian Journal of Ophthalmology - Case Reports,other,1
Indian Journal of Paediatric Dermatology,other,1
Indian Journal of Pain,other,1
Indian Journal of Pathology and Microbiology,other,1
Indian Journal of Pharmacology,other,1
"Indian Journal of Physical Education, Sports Medicine & Exercise Science",other,1
Indian Journal of Plant Genetic Resources,other,1
Indian Journal of Plastic Surgery,other,1
Indian Journal of Positive Psychology,other,1
Indian Journal of Small Ruminants (The),other,1
Indian Journal of Surgery,other,1
Indian Journal of Traditional Knowledge,other,1
Indian Phytopathology,other,1
Indian journal of agroforestry,other,1
Indian journal of radiology and imaging - new series/Indian journal of radiology and imaging/Indian Journal of Radiology & Imaging,other,1
Indilinga African Journal of Indigenous Knowledge Systems,other,1
Indo-American Journal of Agricultural and Veterinary Sciences,other,1
Indonesia Berdaya,other,1
Indonesian Journal of Computer Science and Engineering,other,1
Indonesian Journal of Conservation,other,1
Indonesian Journal of Global Health Research,other,1
Indonesian Journal of Law and Economics Review,other,1
Indonesian Journal of Medicine,other,1
Indonesian Journal of Multidisciplinary on Social and Technology,other,1
Indonesian Journal of Science and Education,other,1
Indonesian Journal of Social and Environmental Issues (IJSEI),other,1
Industrial Law Journal,other,1
Industrial Minerals,other,1
Infant Behavior and Development,other,1
Infection,other,1
Infection and Drug Resistance,other,1
Infectious Disorders - Drug Targets,other,1
Inflammation,other,1
Inflammopharmacology,other,1
Information & Management,other,1
Information Communication & Society,other,1
Information Management and Business Review,other,1
Information Processing in Agriculture,other,1
Information Sciences,other,1
Information Systems,other,1
Information Systems Frontiers,other,1
Inhalation Toxicology,other,1
Inji haengdong chi'lyo/Inji haengdong chiryo/Inji haengdong chilyo,other,1
Injury,other,1
Inks,other,1
Inland Water Biology,other,1
Inland Waters,other,1
Innova Science Journal,other,1
Innovation in Aging,other,1
Innovations and Food Safety,other,1
Innovations and Technologies in the Service Sphere and Food Industry,other,1
Innovations in Agriculture,other,1
Inorganic Chemistry,other,1
Inovasi Sosial,other,1
Inquiry,other,1
Insect Environment,other,1
Insect Systematics and Diversity,other,1
Insectes Sociaux,other,1
Insight the psychological dimensions of society,other,1
Insights in Clinical and Cellular Immunology,other,1
Inspiratif Pendidikan,other,1
Inspire Journal.,other,1
Institute for Russian and Altaic Studies Chungbuk University,other,1
Institute of British and American Studies,other,1
"Institute of Culture and Arts, Journal Srinakharinwirot University",other,1
Institute of Legal Myongji University,other,1
Institutional Archive of Ifremer (French Research Institute for Exploitation of the Sea),other,1
Institutional Repository (Institut Seni Indonesia Yogyakarta),other,1
Institutional Research Information System (Università degli Studi di Trento),other,1
Integrative Physiology,other,1
Integrative Psychological and Behavioral Science,other,1
Integrative Zoology,other,1
Interaction Studies Social Behaviour and Communication in Biological and Artificial Systems,other,1
Interactive Learning Environments,other,1
Intercultural Pragmatics,other,1
Interdepartmental Thematic Scientific Collection of Phytosanitary safety,other,1
Interdisciplinary Journal of Environmental and Science Education,other,1
Interdisciplinary Neurosurgery,other,1
Interdisciplinary Social Studies,other,1
Internal Security,other,1
Internal and Emergency Medicine,other,1
International Academic Journal of Science and Engineering,other,1
International Academic Research Journal of Internal Medicine and Public Health,other,1
International Affairs,other,1
International Archives of BioMedical and Clinical Research,other,1
International Assulta of Research and Engagement (IARE),other,1
International Ayurvedic Medical Journal,other,1
International Clinical Neuroscience Journal,other,1
International Clinical Pathology Journal,other,1
International Conference of Public Health,other,1
International Conference on Industrial Technology and Business Proceeding (INTECHBIZ),other,1
International Educational Scientific Research Journal,other,1
International Immunopharmacology,other,1
International Journal Of Community Service,other,1
International Journal Of Education Social Studies And Management (IJESSM),other,1
International Journal Of Eurasia Social Sciences,other,1
International Journal Of Recent Trends In Multidisciplinary Research,other,1
International Journal Of Scientific Advances,other,1
International Journal for Philosophy of Religion,other,1
International Journal for Research Trends and Innovation,other,1
International Journal for Scientific Research,other,1
"International Journal for Tourism, Archaeology and Hospitality",other,1
International Journal for the Semiotics of Law - Revue internationale de Sémiotique juridique,other,1
International Journal of ADVANCED AND APPLIED SCIENCES,other,1
International Journal of AYUSH,other,1
International Journal of Advance Scientific Research and Engineering Trends,other,1
International Journal of Advanced Academic Studies,other,1
International Journal of Advanced Multidisciplinary Research and Studies,other,1
International Journal of Advanced Psychiatric Nursing,other,1
International Journal of Advanced Research and Multidisciplinary Trends (IJARMT),other,1
International Journal of Advanced Research in Botany,other,1
International Journal of Advanced Research in Social Sciences Environmental Studies & Technology,other,1
International Journal of Advances in Agricultural Science and Technology,other,1
International Journal of Advances in Nursing Management,other,1
International Journal of Affective Engineering,other,1
International Journal of African Development and Sustainable Research,other,1
International Journal of Agricultural Economics,other,1
International Journal of Agricultural Technology,other,1
International Journal of Agriculture Forestry and Life Sciences,other,1
International Journal of Agriculture and Nutrition,other,1
International Journal of Agriculture and Veterinary Sciences,other,1
International Journal of Application on Social Science and Humanities,other,1
International Journal of Applied Arts Studies,other,1
International Journal of Applied Biology and P,other,1
International Journal of Applied Philosophy,other,1
International Journal of Applied Service Marketing Perspectives,other,1
International Journal of Aquatic Research and Environmental Studies,other,1
International Journal of Architectural Engineering Technology,other,1
International Journal of Ayurveda Research,other,1
International Journal of Ayurvedic Medicine,other,1
International Journal of Basic and Applied Sciences,other,1
International Journal of Bias Identity and Diversities in Education,other,1
International Journal of Bio-Pharma Research,other,1
International Journal of Biology Pharmacy and Allied Sciences,other,1
International Journal of Biomedical Materials Research,other,1
International Journal of Business and Economic Studies,other,1
International Journal of Cardiovascular Sciences,other,1
International Journal of Case Reports and Images,other,1
International Journal of ChemTech Research,other,1
International Journal of Child Youth and Family Studies,other,1
International Journal of Clinical & Medical Imaging,other,1
International Journal of Clinical Biochemistry and Research,other,1
International Journal of Clinical Microbiology and Biochemical Technology,other,1
International Journal of Clinical Obstetrics and Gynaecology,other,1
International Journal of Community Care of Humanity (IJCCH),other,1
International Journal of Computational Intelligence and Applications,other,1
International Journal of Computational Vision and Robotics,other,1
International Journal of Computer Information Systems and Industrial Management Applications,other,1
International Journal of Conservation Science,other,1
International Journal of Construction Management,other,1
International Journal of Consumer Studies,other,1
International Journal of Contemporary Medical Research [IJCMR],other,1
International Journal of Cotton Research and Technology,other,1
International Journal of Creative Future and Heritage (TENIAT),other,1
International Journal of Creative Multimedia,other,1
International Journal of Creative and Open Research in Engineering and Management,other,1
International Journal of Current Research and Academic Review,other,1
International Journal of Current Research and Review,other,1
International Journal of Current Research in Biology and Medicine,other,1
International Journal of Current Research in Education Culture and Society,other,1
International Journal of Current Science Research and Review,other,1
International Journal of Current Trends in Science and Technology,other,1
International Journal of Dental Science and Innovative Research,other,1
International Journal of Dermatology Venereology and Leprosy Sciences,other,1
International Journal of Developmental Neuroscience,other,1
International Journal of Developmental and Educational Psychology Revista INFAD de psicología,other,1
International Journal of Digital Literacy and Digital Competence,other,1
International Journal of Discovery in Social Sciences,other,1
International Journal of Drug Delivery Technology,other,1
International Journal of Economic Business Accounting Agriculture Management and Sharia Administration (IJEBAS),other,1
International Journal of Economic Practices and Theories,other,1
International Journal of Economics Business and Management Research,other,1
International Journal of Economics and Financial Issues,other,1
International Journal of Ecotoxicology and Ecobiology,other,1
International Journal of Education through Art,other,1
International Journal of Educational Management,other,1
International Journal of Electrical and Electronics Engineering,other,1
International Journal of Electrochemical Science,other,1
International Journal of Emerging Multidisciplinaries Social Science,other,1
International Journal of Engagement and Empowerment (IJE2),other,1
International Journal of Engineering,other,1
International Journal of Engineering & Technology,other,1
International Journal of Engineering Researches and Management Studies,other,1
International Journal of Engineering Technologies and Management Research,other,1
International Journal of Engineering and Advanced Technology,other,1
International Journal of Engineering and Technology,other,1
International Journal of Entomology Research,other,1
International Journal of Entrepreneurship and Management Practices,other,1
International Journal of Environmental Research,other,1
International Journal of Environmental Science,other,1
International Journal of Financial Research,other,1
International Journal of Food Science and Biotechnology,other,1
International Journal of Forest Animal and Fisheries Research,other,1
International Journal of Gynecological Cancer,other,1
International Journal of HIV/AIDS Prevention Education and Behavioural Science,other,1
International Journal of Health Economics and Social Sciences (IJHESS),other,1
International Journal of Health Engineering and Technology,other,1
International Journal of Health Sciences and Research,other,1
International Journal of Health Systems and Implementation Research,other,1
International Journal of Health and Clinical Research,other,1
International Journal of Health and Information System,other,1
International Journal of Health and Pharmaceutical (IJHP),other,1
International Journal of Herbal Medicine,other,1
International Journal of Horticulture and Food Science,other,1
International Journal of Human Resource Studies,other,1
International Journal of Human-Computer Interaction,other,1
International Journal of Human-Computer Studies,other,1
International Journal of Humanities Commerce and Education,other,1
International Journal of Humanities and Social Sciences,other,1
International Journal of Humanity Studies (IJHS),other,1
International Journal of Humanoid Robotics,other,1
International Journal of Indian Psychology,other,1
International Journal of Infectious Diseases and Therapy,other,1
International Journal of Information Technology,other,1
International Journal of Information Technology & Decision Making,other,1
International Journal of Information Technology and Computer Science,other,1
International Journal of Innovative Research in Engineering & Multidisciplinary Physical Sciences,other,1
International Journal of Innovative Technology and Exploring Engineering,other,1
International Journal of Integrative Health and Mind-Body Medicine,other,1
"International Journal of Internet, Broadcasting and Communication",other,1
International Journal of Language & Communication Disorders,other,1
International Journal of Latest Technology in Engineering Management & Applied Science,other,1
International Journal of Legal Medicine,other,1
International Journal of Linguistics Literature & Translation,other,1
International Journal of Literature Language and Linguistics,other,1
International Journal of Literature Studies,other,1
International Journal of Livestock Research,other,1
International Journal of Management Economic and Accounting,other,1
International Journal of Management Studies and Social Science Research,other,1
International Journal of Management and Organizational Research,other,1
International Journal of Managing Projects in Business,other,1
International Journal of Marine Science and Ocean Technology,other,1
International Journal of Mathematical Engineering Biological and Applied Computing,other,1
International Journal of Mechanical Engineering and Robotics Research,other,1
International Journal of Medical Reviews and Case Reports,other,1
International Journal of Medical Science and Dental Health,other,1
International Journal of Medicine in Developing Countries,other,1
International Journal of Midwifery and Nursing Practice,other,1
International Journal of Modern Anthropology,other,1
International Journal of Multidisciplinary Applied Business and Education Research,other,1
International Journal of Multidisciplinary Futuristic Development,other,1
International Journal of Multidisciplinary Research & Reviews,other,1
International Journal of Multidisciplinary Research Configuration,other,1
International Journal of Multidisciplinary Research and Growth Evaluation,other,1
International Journal of Multiphase Flow,other,1
International Journal of Neutrosophic Science,other,1
"International Journal of New Trends in Arts, Sports & Science Education (IJTASE)",other,1
International Journal of Nursing Healthcare and Hospital Administration,other,1
International Journal of Nursing Sciences,other,1
International Journal of Oral and Maxillofacial Surgery,other,1
International Journal of Otorhinolaryngology and Head and Neck Surgery,other,1
International Journal of Pathogen Research,other,1
International Journal of Pathology,other,1
International Journal of Pattern Recognition and Artificial Intelligence,other,1
International Journal of Pervasive Computing and Communications,other,1
International Journal of Pest Management,other,1
International Journal of Pharmaceutical Chemistry and Analysis,other,1
International Journal of Pharmaceutical Quality Assurance,other,1
International Journal of Pharmaceutical Research and Applications,other,1
International Journal of Pharmaceutical Sciences Review and Research,other,1
International Journal of Pharmaceutical and Biological Science Archive,other,1
International Journal of Pharmaceutics,other,1
International Journal of Pharmacognosy & Chinese Medicine,other,1
International Journal of Pharmacy and Pharmaceutical Research,other,1
International Journal of Physiology,other,1
International Journal of Physiotherapy and Research,other,1
International Journal of Plant & Soil Science,other,1
International Journal of Plant Animal and Environmental Sciences,other,1
International Journal of Plant Pathology and Microbiology,other,1
International Journal of Primatology,other,1
International Journal of Professional Business Review,other,1
International Journal of Progressive Research in Science and Engineering,other,1
International Journal of Psychology Research,other,1
International Journal of Psychology and Mental Health,other,1
International Journal of Psychology and Psychoanalysis,other,1
International Journal of Qualitative Research,other,1
International Journal of Qualitative Studies on Health and Well-Being,other,1
International Journal of Recent Advances in Multidisciplinary Topics,other,1
International Journal of Recent Innovations in Medicine and Clinical Research,other,1
International Journal of Recent Technology and Engineering (IJRTE),other,1
International Journal of Research & Technology,other,1
International Journal of Research -GRANTHAALAYAH,other,1
International Journal of Research Pedagogy and Technology in Education & Movement Sciences,other,1
International Journal of Research and Analysis in Science and Engineering,other,1
International Journal of Research in Civil Engineering and Technology,other,1
International Journal of Research in Education and Science,other,1
International Journal of Research in Engineering Science and Management,other,1
International Journal of River Basin Management,other,1
International Journal of Rough Sets and Data Analysis,other,1
International Journal of Science Strategic Management and Technology,other,1
International Journal of Scientific Development and Research,other,1
International Journal of Scientific Research and Modern Technology.,other,1
International Journal of Scientific Research in Computer Science Engineering and Information Technology,other,1
International Journal of Scientific Research in Humanities and Social Sciences,other,1
International Journal of Services Operations and Informatics,other,1
International Journal of Social Science Archives (IJSSA),other,1
International Journal of Social Science and Education Research,other,1
International Journal of Social Science and Humanity,other,1
International Journal of Social Sciences,other,1
International Journal of Social Sciences and Public Administration,other,1
International Journal of Sociologies and Anthropologies Science Reviews,other,1
International Journal of Sociology and Social Policy,other,1
International Journal of Speech Technology,other,1
International Journal of Sport Management and Marketing,other,1
International Journal of Sports Health and Physical Education,other,1
International Journal of Sports Marketing and Sponsorship,other,1
International Journal of Sports Medicine,other,1
International Journal of Sports Physiology and Performance,other,1
International Journal of Sports Science & Coaching,other,1
International Journal of Surgery,other,1
International Journal of Sustainable Agricultural Research,other,1
International Journal of Sustainable Development & World Ecology,other,1
International Journal of Sustainable Development and Planning,other,1
International Journal of Sustainable Social Science (IJSSS),other,1
International Journal of Swarm Intelligence Research,other,1
International Journal of Systems Assurance Engineering and Management,other,1
International Journal of Toxicology,other,1
International Journal of Trend in Scientific Research and Development,other,1
International Journal of Uncertainty Fuzziness and Knowledge-Based Systems,other,1
International Journal of Urban and Regional Research,other,1
International Journal of Versatile Research and Analysis,other,1
International Journal of Veterinary Medicine,other,1
International Journal of Veterinary Research,other,1
International Journal of Veterinary and Animal Research (IJVAR),other,1
International Journal of Wellbeing,other,1
International Journal of Women’s Dermatology,other,1
International Journal of Yoga,other,1
International Journal of Yoga - Philosophy Psychology and Parapsychology,other,1
"International Journal of Yoga, Physiotherapy and Physical Education",other,1
International Journal of Yogic Human Movement and Sports Sciences,other,1
International Journal of Zoology and Animal Biology,other,1
International Journal of the Commons,other,1
International Journal of the Sociology of Leisure,other,1
International Journal on Advanced Science Engineering and Information Technology,other,1
International Journal on Algae,other,1
International Journal on Bioinformatics & Biosciences,other,1
International Journal on Culture History and Religion,other,1
International Journal on Recent and Innovation Trends in Computing and Communication,other,1
International Marketing Review,other,1
International Multidisciplinary Journal for Research & Development,other,1
International Premier Journal of Languages & Literature,other,1
International Psychogeriatrics,other,1
"International Research Journal of Arts, Humanities and Social Sciences",other,1
International Research Journal of Public Health,other,1
International Research Journal on Advanced Science Hub,other,1
International Research in Medical and Health Science,other,1
International Review of Qualitative Research,other,1
International Review of Social History,other,1
International Review of Sport and Exercise Psychology,other,1
International Review on Public and Nonprofit Marketing,other,1
International Scientific Journal of Engineering and Management,other,1
International Turfgrass Society research journal,other,1
International Urogynecology Journal,other,1
International aquatic research.,other,1
International journal of Contemporary Humanities.,other,1
International journal of advance research and innovative ideas in education,other,1
International journal of child health and human development,other,1
International journal of dream research,other,1
International journal of electrical and computer engineering systems,other,1
International journal of engineering science & humanities.,other,1
International journal of mechanical and production engineering research and development,other,1
International journal of medicine and psychology.,other,1
International schools journal,other,1
Internet Archaeology,other,1
Intertexts,other,1
Interventions,other,1
Inverge Journal of Social Sciences,other,1
Iqtisad Reconstruction of justice and welfare for Indonesia,other,1
Iran Journal of Computer Science,other,1
Iranian Journal of Applied Ecology,other,1
Iranian Journal of Neurosurgery,other,1
Iranian Journal of Science and Technology Transactions of Electrical Engineering,other,1
Islamic Business Management Studies,other,1
Israel Numismatic Research,other,1
Italian American Review,other,1
Italian Journal of Agrometeorology,other,1
Italian Journal of Agronomy,other,1
Italian Journal of Food Science,other,1
Italian Journal of Medicine,other,1
Italica,other,1
Itch,other,1
Iterative International Publishers eBooks,other,1
Itinera,other,1
Ius Matrimoniale,other,1
Izvestiya of Saratov University Philology Journalism,other,1
J-EBIS (Jurnal Ekonomi dan Bisnis Islam),other,1
J-MACC Journal of Management and Accounting,other,1
J-Simbol Jurnal Magister Pendidikan Bahasa dan Sastra Indonesia,other,1
JAC-Antimicrobial Resistance,other,1
JACC Basic to Translational Science,other,1
JAI (Jurnal Anestesiologi Indonesia),other,1
JATIMAS Jurnal Pertanian dan Pengabdian Masyarakat,other,1
JBI Evidence Synthesis,other,1
JCES | FKIP UMMat,other,1
JEA (Jurnal Edukasi AUD),other,1
JEPAL (Journal of English Pedagogy and Applied Linguistics),other,1
JEpa,other,1
JFMR-Journal of Fisheries and Marine Research,other,1
JI P,other,1
JIA (Jurnal Ilmiah Agribisnis) Jurnal Agribisnis dan Ilmu Sosial Ekonomi Pertanian,other,1
JIHAD Jurnal Ilmu Hukum dan Administrasi,other,1
JINTAN Jurnal Ilmu Keperawatan,other,1
JMIR Formative Research,other,1
JMTR.,other,1
JOURNAL FOR ARMENIAN STUDIES,other,1
JOURNAL OF ADVANCE AND FUTURE RESEARCH,other,1
JOURNAL OF COMMUNICABLE DISEASES,other,1
JOURNAL OF ENVIRONMENTAL AND SUSTAINABLE MANAGEMENT,other,1
JOURNAL OF HUMANITIES SOCIAL SCIENCES AND BUSINESS (JHSSB),other,1
JOURNAL OF MEDICAL & CLINICAL CASE REPORTS,other,1
JOURNAL OF PEDIATRIC CRITICAL CARE,other,1
JOURNAL OF RURAL PLANNING ASSOCIATION,other,1
JOURNAL OF SCIENCE AND SOCIAL RESEARCH,other,1
JPBI (Jurnal Pendidikan Biologi Indonesia),other,1
JPM (Jurnal Pemberdayaan Masyarakat),other,1
JPM17 Jurnal Pengabdian Masyarakat,other,1
JSSH (Jurnal Sains Sosial dan Humaniora),other,1
JTCVS Open,other,1
JURNAL AGRONOMI TANAMAN TROPIKA (JUATIKA),other,1
JURNAL BIOLOGI TROPIS,other,1
JURNAL DIMENSI,other,1
JURNAL ECONOMIC RESOURCE,other,1
JURNAL FASILKOM,other,1
JURNAL HUKUM POLITIK DAN ILMU SOSIAL,other,1
JURNAL HUTAN LESTARI,other,1
JURNAL ILMIAH EKONOMI ISLAM,other,1
JURNAL ILMIAH PETERNAKAN TERPADU,other,1
JURNAL ILMIAH PLATAX,other,1
JURNAL ILMU DAN TEKNOLOGI KESEHATAN TERPADU,other,1
JURNAL ILMU DAN TEKNOLOGI PERIKANAN TANGKAP,other,1
JURNAL KESEHATAN LINGKUNGAN INDONESIA,other,1
JURNAL KOMPETITIF,other,1
JURNAL KREASI RAKYAT,other,1
JURNAL MEDIKA USADA,other,1
JURNAL MEKAR,other,1
JURNAL MIDPRO,other,1
JURNAL MULTIDISIPLIN ILMU AKADEMIK,other,1
JURNAL PEMBELAJARAN FISIKA,other,1
JURNAL PENDIDIKAN DAN ILMU SOSIAL (JUPENDIS),other,1
JURNAL PENGABDIAN MASYARAKAT AKADEMISI,other,1
JURNAL RISET RUMPUN ILMU KEDOKTERAN,other,1
JURNAL RISET RUMPUN ILMU SOSIAL POLITIK DAN HUMANIORA,other,1
JURNAL SUMBERDAYA AKUATIK INDOPASIFIK,other,1
JURNAL TEKNIK SIPIL-ARSITEKTUR,other,1
Jahrbuch für Renaissancemusik,other,1
Jambura Journal of Biomathematics (JJBM),other,1
Janak: A Journal of Humanities,other,1
Japanese Journal of Environmental Education,other,1
Jednak Książki. Gdańskie Czasopismo Humanistyczne,other,1
Jeunesse Young People Texts Cultures,other,1
Jezik in slovstvo,other,1
Joint Research Centre (European Commission),other,1
Journal Economic and Islamic Finance,other,1
Journal Human Resources 24/7 : Business Management,other,1
Journal Of Big Data,other,1
Journal Of Fisheries Agribusiness,other,1
Journal Of Management Science Sakon Nakhon Rajabhat University,other,1
Journal Of Medicine & Health,other,1
Journal Of Nursing Practice,other,1
Journal Of Social Research,other,1
Journal Transnational Universal Studies,other,1
Journal for Eighteenth-Century Studies,other,1
Journal for the Anthropology of North America,other,1
Journal for the Study of Religious and Ideologies,other,1
Journal of 108 - Clinical Medicine and Phamarcy,other,1
Journal of Acute Disease,other,1
Journal of Advanced Research in Applied Mechanics,other,1
Journal of Advanced Research in Applied Sciences and Engineering Technology,other,1
Journal of Advanced Research in Social Sciences and Humanities,other,1
Journal of Advances in Food Science & Technology,other,1
Journal of Advances in Medicine and Medical Research,other,1
Journal of Advances in Microbiology,other,1
Journal of Advances in Science and Technology,other,1
Journal of Adventure Education & Outdoor Learning,other,1
Journal of Agribusiness in Developing and Emerging Economies,other,1
Journal of Agricultural Education,other,1
Journal of Agricultural Extension and Rural Development,other,1
Journal of Agricultural Research and Communications,other,1
Journal of Agricultural Science and Environment,other,1
Journal of Agriculture & Horticulture,other,1
Journal of Agriculture Science and Technology,other,1
Journal of Agriculture and Animal Science,other,1
Journal of Agriculture and Crops,other,1
Journal of Agriculture and Plant Sciences,other,1
Journal of Agriculture and Veterinary Science,other,1
Journal of Akhtar Saeed Medical & Dental College,other,1
Journal of Al-Azhar University Engineering Sector,other,1
Journal of Ambient Intelligence and Humanized Computing,other,1
Journal of Anesthesia & Intensive Care Medicine,other,1
Journal of Animal Health and Production,other,1
Journal of Animal Science and Technology,other,1
Journal of Animal Science and Veterinary Medicine,other,1
Journal of Apiculture,other,1
Journal of Applied Animal Research,other,1
Journal of Applied Biosciences,other,1
Journal of Applied Communications,other,1
Journal of Applied Consciousness Studies,other,1
Journal of Applied Entomology,other,1
Journal of Applied Food Technology,other,1
Journal of Applied Microbiology,other,1
Journal of Applied Nursing (Jurnal Keperawatan Terapan),other,1
Journal of Applied Social Psychology,other,1
Journal of Applied Toxicology,other,1
Journal of Aquaculture & Marine Biology,other,1
Journal of Aquaculture Science,other,1
Journal of Archaeological Science Reports,other,1
Journal of Architecture and Planning (Transactions of AIJ),other,1
Journal of Artificial Intelligence in Architecture,other,1
Journal of Artistic Creation and Literary Research,other,1
"Journal of Arts, Literature, Humanities and Social Sciences",other,1
Journal of Asia-Pacific Entomology,other,1
Journal of Asian Architecture and Building Engineering,other,1
Journal of Asthma and Allergy,other,1
Journal of Australian Studies,other,1
Journal of Authentic Research,other,1
Journal of Autoethnography,other,1
Journal of Avian Medicine and Surgery,other,1
Journal of Ayurveda and Holistic Medicine,other,1
Journal of BSRU-Research and Development Institute,other,1
Journal of Bariatric Surgery,other,1
Journal of Behavioral Medicine,other,1
Journal of Behavioral and Applied Management,other,1
Journal of Behavioral and Brain Science,other,1
Journal of Behavioral and Experimental Economics,other,1
Journal of Biodiversity & Endangered Species,other,1
Journal of Biological Chemistry,other,1
Journal of Biology Education,other,1
Journal of Biomed Research,other,1
Journal of Biomedical Research & Environmental Sciences,other,1
Journal of Biomedicine and Translational Research,other,1
Journal of Biomolecules Pathogenesis and Therapeutics,other,1
Journal of Bionic Engineering,other,1
Journal of Bioresource Management,other,1
Journal of Biosciences,other,1
Journal of Biosciences and Medicines,other,1
Journal of Biotechnology,other,1
Journal of Black Psychology,other,1
Journal of Bodywork and Movement Therapies,other,1
Journal of Buddhist Anthropology,other,1
Journal of Buddhistic Sociology,other,1
Journal of Built Environment and Geological Research,other,1
Journal of Business Insight and Innovation,other,1
Journal of Cancer Research and Clinical Oncology,other,1
Journal of Carcinogenesis,other,1
Journal of Cardiac Failure,other,1
Journal of Cardiology Cases,other,1
Journal of Cardiovascular Development and Disease,other,1
Journal of Case Reports,other,1
Journal of Cases on Information Technology,other,1
Journal of Chaiyaphum Review,other,1
Journal of Character Education,other,1
Journal of Chemical Ecology,other,1
Journal of Chemical Information and Modeling,other,1
Journal of Chemistry and Chemical Engineering,other,1
Journal of Child and Adolescent Mental Health,other,1
Journal of Chinese Architecture and Urbanism,other,1
Journal of Chinese Governance,other,1
Journal of Chinese Humanities,other,1
Journal of Chinese Literature and Culture,other,1
Journal of Chromatography A,other,1
Journal of Chromatography B,other,1
Journal of Circuits Systems and Computers,other,1
Journal of Cleft Lip Palate and Craniofacial Anomalies,other,1
Journal of Clinical & Experimental Ophthalmology,other,1
Journal of Clinical Immunology,other,1
Journal of Clinical Infectious Disease Society,other,1
Journal of Clinical Medicine of Kazakhstan,other,1
Journal of Clinical Neuroscience,other,1
Journal of Clinical Ophthalmology and Research,other,1
Journal of Clinical Sciences,other,1
Journal of Clinical and Basic Psychosomatics,other,1
Journal of Clinical and Experimental Hepatology,other,1
Journal of Coastal Conservation,other,1
Journal of Coastal Research,other,1
Journal of Coastal and Ocean Sciences,other,1
Journal of Cognition Behavior Learning,other,1
Journal of Cognition and Development,other,1
Journal of Cognitive Neuroscience,other,1
Journal of Cold War Studies,other,1
Journal of College Orientation Transition and Retention,other,1
Journal of College of Education for Women,other,1
Journal of Colloid and Interface Science,other,1
Journal of Colposcopy and Lower Genital Tract Pathology,other,1
Journal of Commercial and Property Law,other,1
Journal of Communication Arts Review,other,1
Journal of Communication and Management,other,1
Journal of Community Health Provision,other,1
Journal of Community Psychology,other,1
Journal of Community and Development,other,1
Journal of Comparative Pathology,other,1
Journal of Comparative Physiology A,other,1
Journal of Comprehensive Science (JCS),other,1
Journal of Computer Scine and Information Technology,other,1
Journal of Computers for Science and Mathematics Learning,other,1
Journal of Conflict and Security Law,other,1
Journal of Consumer Behaviour,other,1
Journal of Control and Decision,other,1
Journal of Cosmetic Dermatology,other,1
Journal of Current Biomedical Reports,other,1
Journal of Current Health Sciences,other,1
Journal of Cutaneous Medicine and Surgery,other,1
Journal of Dairy Science,other,1
Journal of Daoist studies,other,1
Journal of Dedicators Community,other,1
Journal of Developing Drugs,other,1
Journal of Developmental & Behavioral Pediatrics,other,1
Journal of Dhamma Sana,other,1
Journal of Diagnostics,other,1
Journal of Drug Discovery and Therapeutics,other,1
Journal of Early Childhood Research,other,1
Journal of East European Management Studies,other,1
Journal of Eco-friendly Agriculture,other,1
Journal of Ecohumanism,other,1
Journal of Ecological Engineering,other,1
Journal of Economic Behavior & Organization,other,1
Journal of Economic Dynamics and Control,other,1
Journal of Economic History and History of Economics,other,1
Journal of Economic Research (JER),other,1
Journal of Economic Studies,other,1
Journal of Economic and Business Education,other,1
Journal of Economics and Business,other,1
Journal of Economics and Development,other,1
Journal of Ecosystem & Ecography,other,1
Journal of Ect,other,1
Journal of Education Culture and Society,other,1
Journal of Education Health and Sport,other,1
Journal of Education Humaniora and Social Sciences (JEHSS),other,1
Journal of Education Humanities and Social Sciences,other,1
Journal of Education and Educational Research,other,1
Journal of Education and Learning Mathematics Research (JELMaR),other,1
"Journal of Education, Health and Sport (Kazimierz Wielki University in Bydgoszcz)",other,1
Journal of Education-Health and Environmental Management,other,1
Journal of Educational Cultural and Psychological Studies (ECPS Journal),other,1
Journal of Educational Development and Social Sciences,other,1
Journal of Educational Sciences,other,1
Journal of Electrical & Electronic Systems,other,1
Journal of Emergency Nursing,other,1
Journal of Emergency Practice and Trauma,other,1
Journal of Endodontics,other,1
Journal of Energy Storage,other,1
Journal of Engineering,other,1
Journal of Engineering Design,other,1
Journal of Engineering Education/Journal of engineering education transformations/Journal of engineering education transformation,other,1
Journal of Engineering Research - Egypt/Journal of Engineering Research,other,1
Journal of Engineering and Applied Sciences Technology,other,1
Journal of Enterprise Information Management,other,1
Journal of Entomological Science,other,1
Journal of Enviromental Sciences and Natural Resources,other,1
Journal of Environmental Chemistry,other,1
Journal of Environmental Impact and Management Policy,other,1
Journal of Environmental Law,other,1
Journal of Environmental Science,other,1
Journal of Environmental Science and Health Part B,other,1
Journal of European Competition Law & Practice,other,1
Journal of Evidence Based Medicine and Healthcare,other,1
Journal of Evolution of Medical and Dental Sciences,other,1
Journal of Evolutionary Biochemistry and Physiology,other,1
Journal of Experimental Social Psychology,other,1
Journal of Extension Systems,other,1
Journal of Family Business Management,other,1
Journal of Family Studies,other,1
Journal of Family Theory & Review,other,1
Journal of Financial Counseling and Planning,other,1
Journal of Financial Economics,other,1
Journal of Fish and Wildlife Management,other,1
Journal of Fluorine Chemistry,other,1
Journal of Food Biochemistry,other,1
Journal of Food Legumes,other,1
Journal of Food Measurement & Characterization,other,1
Journal of Food Science Education,other,1
Journal of Food and Dairy Sciences,other,1
Journal of Food and Nutrition Sciences,other,1
Journal of Forensic and Legal Medicine,other,1
Journal of Frontiers in Educational Research,other,1
Journal of Frontiers in Multidisciplinary Research,other,1
Journal of Gaming & Virtual Worlds,other,1
Journal of Gandhara Medical and Dental Science,other,1
Journal of Gender Equality Disability Social Inclusion and Children,other,1
Journal of Genetic Counseling,other,1
Journal of Genetics,other,1
Journal of Geographical Studies,other,1
Journal of Geography Environment and Earth Science International,other,1
Journal of Geovisualization and Spatial Analysis,other,1
Journal of Global Antimicrobial Resistance,other,1
Journal of Global Ecology and Environment,other,1
Journal of Global Health,other,1
Journal of Global Innovations in Agricultural Sciences,other,1
Journal of Global Trends in Social Science,other,1
Journal of Glycomics & Lipidomics,other,1
Journal of Graduate MCU KhonKaen Campus,other,1
Journal of Hand and Microsurgery,other,1
Journal of Happiness Studies,other,1
Journal of Hazardous Materials Letters,other,1
Journal of Health & Medical Informatics,other,1
Journal of Health (JoH),other,1
Journal of Health Educational Science and Technology,other,1
Journal of Health Metabolism and Nutrition Studies,other,1
Journal of Health Politics Policy and Law,other,1
Journal of Health Research and Innovation,other,1
Journal of Health and Allied Sciences NU,other,1
Journal of Health and Environmental Research,other,1
Journal of Health and Medical Sciences,other,1
Journal of Health and Translational Medicine,other,1
Journal of Hematology and Clinical Research,other,1
Journal of High School Science,other,1
Journal of Higher Education Research Disciplines,other,1
Journal of Historical Studies,other,1
Journal of Horticulture and Plant Research,other,1
Journal of Hospitality and Tourism,other,1
Journal of Human Growth and Development,other,1
Journal of Human Sciences,other,1
Journal of Human Social and Political Science Research,other,1
Journal of Human and Education (JAHE),other,1
Journal of Humanities and Social Sciences Suratthani Rajabhat University,other,1
Journal of Hypertension,other,1
Journal of Imagery Research in Sport and Physical Activity,other,1
Journal of Indian Academy of Oral Medicine and Radiology,other,1
Journal of Indian Philosophy,other,1
Journal of Indian medical heritage,other,1
Journal of Individual Differences,other,1
Journal of Indonesian Specialized Nutrition,other,1
Journal of Infection,other,1
Journal of Infectious Diseases & Travel Medicine,other,1
Journal of Infectious Diseases and Therapy,other,1
Journal of Infectious Diseases and Treatment,other,1
Journal of Information Systems and Informatics,other,1
Journal of Information Technologies and Lifelong Learning,other,1
Journal of Information Technology and Innovation,other,1
Journal of Inherited Metabolic Disease,other,1
Journal of Injury and Violence Research,other,1
Journal of Innovation And Future Technology (IFTECH),other,1
Journal of Innovation Information Technology and Application (JINITA),other,1
Journal of Innovation and Applied Technology,other,1
Journal of Innovation and Community Engagement,other,1
Journal of Innovative and Creativity (Joecy),other,1
Journal of Insect Physiology,entomology,1
Journal of Insurance Medicine,other,1
Journal of Integrated Nursing and Public Health,other,1
Journal of Integrative Agriculture,other,1
Journal of Integrative Plant Biology,other,1
Journal of Integrative and Complementary Medicine,other,1
Journal of Intellectual Property and Human Rights,other,1
Journal of Intelligent Manufacturing,other,1
Journal of Intercultural Communication,other,1
Journal of Interdisciplinary Innovation Review,other,1
Journal of Interdisciplinary Social Science and Justice Administration,other,1
Journal of International Economics and Management,other,1
Journal of Internet Services and Applications,other,1
Journal of Islam and Science,other,1
Journal of Islamic Economic and Business Research,other,1
Journal of Istanbul Veterinary Sciences,other,1
Journal of Jewish Ethics,other,1
Journal of KONES Powertrain and Transport,other,1
Journal of Kapan Multiple Campus,other,1
Journal of Korean Elementary Science Education,other,1
Journal of Laboratory Animal Science,other,1
Journal of Laguna Geography,other,1
Journal of Language and Politics,other,1
Journal of Latin American Cultural Studies,other,1
Journal of Law and Sustainable Development,other,1
Journal of Law and the Biosciences,other,1
Journal of Leadership Education,other,1
Journal of Learning and Teaching in Digital Age,other,1
Journal of Liaquat National Hospital,other,1
Journal of Liberal Art of Rajamangala University of Technology Suvarnabhumi,other,1
Journal of Lifestyle Medicine,other,1
Journal of Literary Cultural and Artistic Studies,other,1
Journal of Literature and Trauma Studies,other,1
Journal of MCU Buddhist Review,other,1
Journal of MCU Kanchana Review,other,1
Journal of MCU Palisueksabuddhaghosa Review,other,1
Journal of MCU Social Development,other,1
Journal of MCU Social Science Review,other,1
Journal of Machine and Computing,other,1
Journal of Macroeconomics,other,1
Journal of Management Studies,other,1
Journal of Management and Science,other,1
Journal of Marine Science,other,1
Journal of Material Science and Technology,other,1
Journal of Media Literacy Education,other,1
Journal of Medical - Clinical Research & Reviews,other,1
Journal of Medical Case Reports and Case Series,other,1
Journal of Medical Devices,other,1
Journal of Medical Sciences,other,1
Journal of Medical Toxicology,other,1
Journal of Medical Virology,other,1
Journal of Medical and Biological Research,other,1
Journal of Medicinal Natural Products,other,1
Journal of Medicinal Plants Studies,other,1
Journal of Medicine and Life,other,1
"Journal of Medicine, Physiology and Biophysics",other,1
Journal of Medieval and Early Modern Studies,other,1
Journal of Melittology,other,1
Journal of Metaverse,other,1
Journal of Midwifery & Women s Health,other,1
Journal of Mobile Multimedia,other,1
Journal of Molecular Biology,other,1
Journal of Molecular Modeling,other,1
Journal of Molecular Neuroscience,other,1
Journal of Molecular and Cellular Cardiology,other,1
Journal of Molluscan Studies,other,1
Journal of Monno Medical College,other,1
Journal of Mosquito Research,other,1
Journal of Multidisciplinary Academic Research and Development (JMARD),other,1
Journal of Multidisciplinary in Humanities and Social Sciences,other,1
Journal of Multiscale Neuroscience,other,1
Journal of Musikot Campus.,other,1
Journal of Natural Fibers,other,1
Journal of Natural Gas Science and Engineering,other,1
Journal of Nature-Based Solutions and Innovations,other,1
Journal of Neonatal Nursing,other,1
Journal of Neonatal Surgery,other,1
Journal of Neuro-Ophthalmology,other,1
Journal of NeuroInterventional Surgery,other,1
Journal of NeuroVirology,other,1
Journal of Neurochemistry,other,1
Journal of Neuroendocrinology,other,1
Journal of Neurology and Neuromedicine,other,1
Journal of Neurology and Neuroscience,other,1
Journal of Neuropsychology,other,1
Journal of Neuropsychopharmacology & Mental Health,other,1
Journal of Neuroscience Research,other,1
Journal of Neuroscience and Neurological Disorders,other,1
Journal of North Carolina Academy of Science,other,1
Journal of Nursing Reports in Clinical Practice,other,1
Journal of Nursing Science & Practice,other,1
Journal of Nursing and Health Research,other,1
"Journal of Nursing, Education Sciences, and Medical Practice. /$c Fatima Zohra Rezouki",other,1
Journal of Nutrition,other,1
Journal of Nutrition & Food Sciences,other,1
Journal of Nutrition Education and Behavior,other,1
Journal of Nutrition and Food Security,other,1
Journal of Nutritional Disorders & Therapy,other,1
Journal of Nutritional Science,other,1
Journal of Occupational Health Psychology,other,1
Journal of Occupational Medicine and Toxicology,other,1
Journal of Occupational and Environmental Medicine,other,1
Journal of Ocean and Coastal Economics,other,1
Journal of Ophthalmic and Optometric Sciences,other,1
Journal of Organic & Inorganic Chemistry,other,1
Journal of Orthopaedic Science,other,1
Journal of Outdoor Recreation and Tourism,other,1
Journal of Outdoor and Environmental Education,other,1
Journal of Pakistan Society of Internal Medicine.,other,1
Journal of Parasite Research,other,1
Journal of Parasitology Research,other,1
Journal of Peace and Development,other,1
Journal of Pediatric Gastroenterology and Nutrition,other,1
Journal of Pediatric Nephrology,other,1
Journal of Pediatric Neurosciences,other,1
Journal of Pediatric Oncology Nursing,other,1
Journal of Pediatric Urology,other,1
Journal of Perinatology,other,1
Journal of Personalized Medicine,other,1
Journal of Pharmaceutical Innovation,other,1
Journal of Pharmaceutical Negative Results,other,1
Journal of Pharmaceutical and Biological Sciences,other,1
Journal of Pharmacy Practice and Research,other,1
Journal of Physical Biomedical and Biological Sciences,other,1
Journal of Physical Education and Sport,other,1
Journal of Physical Therapy Education,other,1
Journal of Pipeline Systems Engineering and Practice,other,1
Journal of Plant Ecology,other,1
Journal of Plant Protection and Pathology /Journal of Plant Protection and Pathology,other,1
Journal of Plant Science and Phytopathology,other,1
Journal of Poetry Therapy,other,1
Journal of Policy and Development Studies,other,1
Journal of Polymer Research,other,1
Journal of Polytechnic,other,1
Journal of Popular Music Studies,other,1
Journal of Positive School Psychology,other,1
Journal of Postcolonial Writing,other,1
Journal of Poverty,other,1
Journal of Pragmatics Research,other,1
Journal of Progressive Human Services,other,1
Journal of Psychedelic Studies,other,1
Journal of Psychiatry Spectrum,other,1
Journal of Psychological Educational and Social Sciences Research,other,1
Journal of Psychosocial Rehabilitation and Mental Health,other,1
Journal of Public Affairs,other,1
Journal of Public Health,other,1
Journal of Public Health Science,other,1
Journal of Public Health and Diseases,other,1
Journal of Public Health in Africa,other,1
Journal of Pure and Applied Microbiology,other,1
Journal of Radiation Research,other,1
Journal of Radiation and Cancer Research,other,1
Journal of Refugee Studies,other,1
Journal of Regional Studies Review,other,1
Journal of Religion and Society,other,1
Journal of Research THE BEDE ATHENAEUM,other,1
Journal of Research and Technology,other,1
"Journal of Research in Forestry, Wildlife and Environment",other,1
Journal of Research in Nanoscience and Nanotechnology,other,1
Journal of Research in Philosophy and History,other,1
Journal of Research in Veterinary Sciences,other,1
Journal of Responsible Innovation,other,1
Journal of Retailing,other,1
Journal of Rural Social Sciences,other,1
Journal of Rural Studies,other,1
Journal of Sales Service and Marketing Research,other,1
Journal of Science Innovations and Nature of Earth,other,1
Journal of Science and Mathematics Letters,other,1
Journal of Scientific Exploration,other,1
Journal of Scientific Research,other,1
Journal of Scientific Research and Reports,other,1
Journal of Screenwriting,other,1
Journal of Semiconductors,other,1
Journal of Sensory Studies,other,1
Journal of Shoulder and Elbow Surgery,other,1
Journal of Skin and Sexually Transmitted Diseases,other,1
Journal of Social Research and Behavioral Sciences,other,1
Journal of Social Review and Development,other,1
Journal of Social Science for Local Development Rajabhat Maha Sarakham University,other,1
Journal of Social Sciences Research & Policy,other,1
Journal of Social Work and Social Administration,other,1
Journal of Social Work in Developing Societies,other,1
Journal of Social and Administrative Sciences,other,1
Journal of Social and Scientific Education,other,1
Journal of Soil and Water Conservation,other,1
Journal of Solar Energy Research,other,1
Journal of Solid State Chemistry,other,1
Journal of South Asian Federation of Obstetrics and Gynaecology,other,1
Journal of South Asian and Middle Eastern studies,other,1
Journal of Southern African Studies,other,1
Journal of Spinoza Studies,other,1
Journal of Sport and Exercise Psychology,other,1
Journal of Sport and Health Research,other,1
Journal of Sport and Social Issues,other,1
Journal of Stem Cells and Regenerative Medicine,other,1
Journal of Strategic Management,other,1
Journal of Studies in the Field of Humanities,other,1
Journal of Supreme Court History,other,1
Journal of Sustainable Development,other,1
Journal of Symbols & Sandplay Therapy,other,1
Journal of Systematics and Evolution,other,1
Journal of Talent Development and Excellence,other,1
Journal of Technology in Human Services,other,1
Journal of The Electrochemical Society,other,1
Journal of The Institution of Engineers (India) Series A,other,1
Journal of Theatre Dance and Performance Training,other,1
Journal of Thermal Analysis and Calorimetry,other,1
Journal of Thermal Biology,other,1
Journal of Thoracic and Cardiovascular Surgery,other,1
Journal of Tourism and Leisure Research,other,1
Journal of Toxicology,other,1
Journal of Toxicology and Environmental Health,other,1
Journal of Toxicology and Environmental Health Part B,other,1
Journal of Transformative Education,other,1
Journal of Transmitted Diseases and Immunity,other,1
Journal of Transport & Health,other,1
Journal of Tropical Biodiversity.,other,1
Journal of Tropical Ecology,other,1
Journal of Tropical Life Science,other,1
Journal of Tropical Marine Science,other,1
Journal of Tropical Rural Development,other,1
Journal of Tropical Silviculture,other,1
Journal of Undergraduate Neuroscience Education,other,1
Journal of Urban Sociology,other,1
Journal of Variety in Language and Literature,other,1
Journal of Vascular Surgery,other,1
Journal of Vasyl Stefanyk Precarpathian National University Biology,other,1
Journal of Vector Ecology,other,1
Journal of Veterinary Diagnostic Investigation,other,1
Journal of Veterinary Internal Medicine,other,1
Journal of Veterinary Public Health,other,1
Journal of Veterinary Science & Medicine,other,1
Journal of Veterinary Science & Technology,other,1
Journal of Victorian Culture,other,1
Journal of Virological Methods,other,1
Journal of Visual Art and Design Studies Les-Guet s,other,1
Journal of Visual Literacy,other,1
Journal of Volcanology and Geothermal Research,other,1
Journal of Water Process Engineering,other,1
Journal of Wildlife Management,other,1
Journal of Wireless Mobile Networks Ubiquitous Computing and Dependable Applications,other,1
Journal of Womenʼs Health Physical Therapy,other,1
Journal of World Christianity,other,1
Journal of World Philosophies,other,1
Journal of Writing in Creative Practice,other,1
Journal of Xenobiotics,other,1
Journal of Yanasangvorn Research Institute Mahamakut Buddhist University,other,1
Journal of Zhejiang University SCIENCE B,other,1
Journal of Zoology,other,1
Journal of applied science and environmental management,other,1
Journal of arthropod-borne diseases,other,1
Journal of business and marketing.,other,1
Journal of cinema and media studies,other,1
Journal of consciousness exploration & research,other,1
Journal of current cardiology.,other,1
Journal of dramatic theory and criticism,other,1
Journal of early Christian studies,other,1
Journal of economic studies,other,1
Journal of energy technologies and policy,other,1
Journal of innovation in polytechnic education.,other,1
Journal of international women's studies,other,1
Journal of korean Academy of Child and Adolescent Psychiatry,other,1
Journal of microbiology epidemiology immunobiology,other,1
Journal of modern Greek studies,other,1
Journal of natural product and plant resources,other,1
Journal of obstetrics and women s diseases,other,1
"Journal of politics, administration and law",other,1
Journal of preventive medicine and hygiene,other,1
Journal of science and innovative development,other,1
Journal of soil salinity and water quality.,other,1
Journal of the American Academy of Religion,other,1
Journal of the American College of Emergency Physicians Open,other,1
Journal of the American Nutrition Association,other,1
Journal of the American Veterinary Medical Association,other,1
Journal of the Association for Consumer Research,other,1
Journal of the Bangladesh Agricultural University,other,1
Journal of the Canadian Association for Curriculum Studies,other,1
Journal of the Canadian Association of Gastroenterology,other,1
Journal of the Chinese Medical Association,other,1
Journal of the Department of English,other,1
Journal of the Dermatology Nurses’ Association,other,1
Journal of the Early Republic,other,1
Journal of the Egyptian Society of Parasitology,other,1
Journal of the Entomological Society of British Columbia,other,1
Journal of the European Mosquito Control Association,other,1
Journal of the Experimental Analysis of Behavior,other,1
Journal of the Faculties of Arts,other,1
Journal of the Florida Mosquito Control Association,other,1
Journal of the Formosan Medical Association,other,1
Journal of the Gujarat Research Society,other,1
Journal of the Illinois State Historical Society (1998-),other,1
Journal of the Indian Institute of Science,other,1
Journal of the Inland Fisheries Society of India,other,1
Journal of the International Colour Association,other,1
Journal of the International Neuropsychological Society,other,1
Journal of the Korea Entertainment Industry Association,other,1
Journal of the Lepidopterists’ Society,other,1
Journal of the Marine Biological Association of India,other,1
Journal of the Marine Biological Association of the United Kingdom,other,1
Journal of the Neurological Sciences,other,1
Journal of the Nigerian Academy of Medicine,other,1
Journal of the Pediatric Infectious Diseases Society,other,1
Journal of the Pediatric Orthopaedic Society of North America,other,1
Journal of the Plant Protection Society,other,1
Journal of the Psychiatric Association of Thailand,other,1
Journal of the Royal Anthropological Institute,other,1
Journal of the Royal Society of Arts,other,1
Journal of the Royal Statistical Society Series C (Applied Statistics),other,1
Journal of the Selva Andina Animal Science,other,1
Journal of the Society for Social Work and Research,other,1
Journal of the Society of Architectural Historians,other,1
Journal of the Southwest,other,1
Journal of the history of philosophy,other,1
Journal of women's history,other,1
Journal on Materials and its Characterization,other,1
Journey Journal of English Language and Pedagogy,other,1
Jouska Jurnal Ilmiah Psikologi,other,1
Judgment and Decision Making,other,1
Jurnal Abdi Masyarakat,other,1
Jurnal Abdimas,other,1
Jurnal Administrasi Bisnis Terapan,other,1
Jurnal Administrasi Kesehatan Indonesia,other,1
Jurnal Agro Ekonomi,other,1
Jurnal Akuakultura Universitas Teuku Umar,other,1
Jurnal Al Basirah,other,1
Jurnal Al-Hakim Jurnal Ilmiah Mahasiswa Studi Syariah Hukum dan Filantropi,other,1
Jurnal Bahana Kesehatan Masyarakat (Bahana of Journal Public Health),other,1
Jurnal Balireso Jurnal Pengabdian pada Masyarakat,other,1
Jurnal Bina Mulia Hukum,other,1
Jurnal Biomedik JBM,other,1
Jurnal Celebica Jurnal Kehutanan Indonesia,other,1
Jurnal Da wah Risalah Merintis Da wah Melanjutkan,other,1
Jurnal Derma Pengabdian Dosen Perguruan Tinggi (Jurnal DEPUTI),other,1
Jurnal Dimas Budi,other,1
Jurnal Dinamika Pengabdian (JDP),other,1
Jurnal EduHealth,other,1
Jurnal Ekonomi,other,1
Jurnal Ekonomi Manajemen dan Bisnis (JEMB),other,1
Jurnal Ekonomi Syariah Akuntansi dan Perbankan (JESKaPe),other,1
Jurnal Farmasetis,other,1
Jurnal Gema Ngabdi,other,1
Jurnal Hukum Lingkungan Indonesia,other,1
Jurnal Hutan Tropis,other,1
Jurnal IPA & Pembelajaran IPA,other,1
Jurnal IPTEKS Pemanfaatan Sumberdaya Perikanan,other,1
Jurnal ISO Jurnal Ilmu Sosial Politik dan Humaniora,other,1
Jurnal Igakerta,other,1
Jurnal Ilmiah Kesehatan Keperawatan,other,1
Jurnal Ilmiah Mandala Education,other,1
Jurnal Ilmiah Nusantara.,other,1
Jurnal Ilmiah Pariwisata dan Bisnis,other,1
Jurnal Ilmiah Pengabdian Kepada Masyarakat,other,1
Jurnal Ilmiah Perikanan dan Kelautan,other,1
Jurnal Ilmiah Pertanian,other,1
Jurnal Ilmiah Profesi Pendidikan,other,1
Jurnal Ilmiah Samudra Akuatika,other,1
Jurnal Ilmiah Tatengkorang,other,1
Jurnal Ilmiah Telaah,other,1
Jurnal Ilmiah Universitas Bakrie,other,1
Jurnal Ilmu Alam dan Lingkungan,other,1
Jurnal Ilmu Ilmu Agribisnis: Journal of Agribusiness Science,other,1
Jurnal Ilmu Kesehatan Masyarakat,other,1
Jurnal Ilmu Komunikasi,other,1
Jurnal Ilmu Manajemen & Ekonomika,other,1
Jurnal Ilmu Pendidikan dan Sains Islam Interdisipliner,other,1
Jurnal Ilmu Perpustakaan dan Informasi (Universitas Islam Negeri Sumatera Utara),other,1
Jurnal Ilmu Pertanian Indonesia,other,1
Jurnal Ilmu Pertanian dan Perikanan.,other,1
Jurnal Ilmu Psikologi dan Kesehatan,other,1
Jurnal Ilmu Sosial dan Ilmu Politik Malikussaleh (JSPM),other,1
Jurnal Ilmu-Ilmu Agribisnis,other,1
Jurnal Indonesia Sosial Sains,other,1
Jurnal Inovasi Hasil Pengabdian Masyarakat (JIPEMAS),other,1
Jurnal Intelek Dan Cendikiawan Nusantara,other,1
Jurnal Jamu Kusuma,other,1
Jurnal Jatiswara,other,1
Jurnal Kebidanan dan Keperawatan Aisyiyah,other,1
Jurnal Kebijakan Publik,other,1
Jurnal Kebijakan Sosial Ekonomi Kelautan dan Perikanan,other,1
Jurnal Kedokteran YARSI,other,1
Jurnal Kelola Jurnal Ilmu Sosial,other,1
Jurnal Keperawatan Dan Kesehatan Holistik,other,1
Jurnal Keperawatan Florence Nightingale,other,1
Jurnal Keperawatan Jiwa,other,1
Jurnal Keperawatan Profesional,other,1
Jurnal Keperawatan Respati Yogyakarta,other,1
Jurnal Kesehatan,other,1
Jurnal Kesehatan An-Nuur,other,1
Jurnal Kesehatan Indonesia,other,1
Jurnal Kesehatan Terpadu (Integrated Health Journal),other,1
Jurnal Kesehatan at Poltekkes Tanjungkarang (Poltekkes Kemenkes Tanjungkarang),other,1
Jurnal Kinabalu,other,1
Jurnal Kolaborasi Pengabdian Masyarakat Fakultas Ilmu Administrasi,other,1
Jurnal Kuliner.,other,1
Jurnal Layanan Masyarakat (Journal of Public Services),other,1
Jurnal Life Birth,other,1
Jurnal Manajemen Hutan Tropika (Journal of Tropical Forest Management),other,1
Jurnal Manajemen Kreatif dan Inovasi,other,1
Jurnal Manajemen dan Agribisnis,other,1
Jurnal Manajemen dan Ekonomi Kreatif,other,1
Jurnal Masyarakat Indonesia (Jumas),other,1
Jurnal Media Administrasi,other,1
Jurnal Midwifery Update (MU),other,1
Jurnal Muara Ilmu Sosial Humaniora dan Seni,other,1
"Jurnal Natural (Faculty of Mathematics and Natural Science, Syiah Kuala University)",other,1
Jurnal Ners dan Kebidanan (Journal of Ners and Midwifery),other,1
Jurnal Nuansa Publikasi Ilmu Manajemen dan Ekonomi Syariah,other,1
Jurnal Online Mahasiswa Fakultas Perikanan dan Ilmu Kelautan Universitas Riau,other,1
Jurnal Onoma Pendidikan Bahasa dan Sastra,other,1
Jurnal PEPADU,other,1
Jurnal Pasir Laut,other,1
Jurnal Pelayanan Hubungan Masyarakat,other,1
Jurnal Pelayanan dan Pengabdian Masyarakat Indonesia,other,1
Jurnal Pemberdayaan Ekonomi dan Masyarakat,other,1
Jurnal Pemberdayaan Komunitas MH Thamrin,other,1
Jurnal Pemberdayaan Publikasi Hasil Pengabdian Kepada Masyarakat,other,1
Jurnal Pemberdayaan Sosial dan Teknologi Masyarakat,other,1
Jurnal Pendidikan MIPA,other,1
Jurnal Pendidikan Sains Indonesia,other,1
Jurnal Pendidikan Tata Boga dan Teknologi,other,1
Jurnal Penelitian Agama Hindu,other,1
Jurnal Penelitian Ilmu Ekonomi dan Keuangan Syariah,other,1
Jurnal Penelitian Keperawatan Kontemporer,other,1
Jurnal Penelitian Pendidikan IPA,other,1
Jurnal Pengabdian Aceh,other,1
Jurnal Pengabdian Bersama Masyarakat Indonesia,other,1
Jurnal Pengabdian Kepada Masyarakat Mahaputra Muhammad Yamin,other,1
Jurnal Pengabdian Masyarakat,other,1
Jurnal Pengabdian Masyarakat Charitas,other,1
Jurnal Pengabdian Masyarakat Dalam Kesehatan,other,1
Jurnal Pengabdian Masyarakat Inovatif,other,1
Jurnal Pengabdian Masyarakat Kauniah.,other,1
Jurnal Pengabdian Masyarakat Panacea,other,1
Jurnal Pengabdian Masyarakat Sains dan Teknologi,other,1
Jurnal Pengabdian Pada Masyarakat,other,1
Jurnal Pengabdian Perikanan dan Kelautan Piskarias Ministerium,other,1
Jurnal Pengabdian Teratai,other,1
Jurnal Pengabdian UNDIKMA,other,1
Jurnal Pengabdian kepada Masyarakat UBJ,other,1
Jurnal Perikanan Terpadu,other,1
Jurnal Perikanan dan Kelautan,other,1
Jurnal Pertanian Agros,other,1
Jurnal Praba.,other,1
Jurnal Presipitasi Media Komunikasi dan Pengembangan Teknik Lingkungan,other,1
Jurnal Psikologi Teori dan Terapan,other,1
Jurnal Psikologi Ulayat,other,1
Jurnal Psikologi Wijaya Putra (Psikowipa),other,1
Jurnal Pustaka Keperawatan (Pusat Akses kajian Keperawatan),other,1
Jurnal Ragam Pengabdian,other,1
Jurnal Riset Ilmu Hukum,other,1
Jurnal Riset Multidisiplin dan Inovasi Teknologi,other,1
Jurnal Riset Pendidikan dan Pengajaran,other,1
Jurnal SIAR ILMUWAN TANI,other,1
Jurnal SOLMA,other,1
Jurnal Sains Farmasi Dan Kesehatan,other,1
Jurnal Sapta Agrica.,other,1
Jurnal Serambi Engineering,other,1
Jurnal Sistem Informasi dan Ilmu Komputer Prima(JUSIKOM PRIMA),other,1
Jurnal Sosiologi USK (Media Pemikiran & Aplikasi),other,1
Jurnal Statistika dan Aplikasinya,other,1
Jurnal Sumberdaya Hayati,other,1
Jurnal Sylva Lestari,other,1
Jurnal Sylva Scienteae,other,1
Jurnal Teknik Sipil dan Lingkungan,other,1
Jurnal Teologi Injili dan Pendidikan Agama,other,1
Jurnal Terapan Abdimas,other,1
Jurnal Transparansi Publik (JTP),other,1
Jurnal Untuk Masyarakat Sehat (JUKMAS),other,1
Jurnal Ventilator,other,1
Jurnal Visi Eksakta,other,1
Jurnal Wanita dan Keluarga,other,1
Jurnal Wicara Desa,other,1
Jurnal kedokteran dan kesehatan Indonesia,other,1
Justicia Islamica,other,1
KALANJIYAM - International Journal of Tamil Studies,other,1
KIAN JOURNAL,other,1
KKU Science Journal,other,1
KOMUNITA Jurnal Pengabdian dan Pemberdayaan Masyarakat,other,1
KREATIF Jurnal Pengabdian Masyarakat Nusantara,other,1
Kaav International Journal of English Literature and Linguistics,other,1
Kadmos,other,1
Kafkas Universitesi Veteriner Fakultesi Dergisi,other,1
Kahramanmaraş Sütçü İmam Üniversitesi Tarım ve Doğa Dergisi,other,1
Kasetsart Journal of Social Sciences,other,1
Kashmir Journal of Language Research,other,1
Kastara.,other,1
Kavya Setu,other,1
KeiO Associated Repository of Academic Resources (Keio University),other,1
Kerala Journal of Ophthalmology,other,1
Kerala Journal of Psychiatry,other,1
Keruen,other,1
Khairun Law Journal,other,1
Kidney International,other,1
Kieler Beiträge zur Filmmusikforschung,other,1
King Mongkut's Agricultural Journal,other,1
Kirkuk University Journal For Agricultural Sciences,other,1
Klinicheskaia khirurgiia,other,1
KnE Social Sciences,other,1
Kobra (Universitätsbibliothek Kassel),other,1
Kohesi: Jurnal Sains dan Teknologi,other,1
Komunitas Hasil Kegiatan Pengabdian Masyarakat Indonesia,other,1
Konstanta Jurnal Matematika dan Ilmu Pengetahuan Alam,other,1
Korean Association for Qualitative Inquiry,other,1
Korean Journal of Childcare and Education,other,1
Korean Journal of Medical History,other,1
Korean Journal of Veterinary Service,other,1
Kottakkal Journal of Ayurvedic Medicine And Research,other,1
Krakow Review of Economics and Management/Zeszyty Naukowe Uniwersytetu Ekonomicznego w Krakowie,other,1
Krankenhaus-Hygiene + Infektionsverhütung,other,1
Kreativitas Pada Pengabdian Masyarakat (Krepa),other,1
Kritika,other,1
Kufa Journal For Veterinary Medical Sciences,other,1
Kultura,other,1
Kultura i Edukacja,other,1
Kulʹturologìčna dumka,other,1
Kvinder Køn & Forskning,other,1
Kwartalnik Historii Nauki i Techniki,other,1
Kybernetes,other,1
Kōtuitui New Zealand Journal of Social Sciences Online,other,1
LINGUISTICA ANTVERPIENSIA,other,1
LOGISTA - Jurnal Ilmiah Pengabdian kepada Masyarakat,other,1
LOGOS,other,1
LS International Journal of Life Sciences,other,1
La Casa del Maestro,other,1
LaCRIS (University of Lapland),other,1
LaGeografia,other,1
Lafia Journal of Scientific and industrial Research,other,1
Landmark University Repository (Landmark University),other,1
Landscape Architecture,other,1
Landscape Research,other,1
Language Literature and Interdisciplinary Studies,other,1
Languages,other,1
Lara D. Veeken,other,1
Lasers in Medical Science,other,1
Laterality Asymmetries of Body Brain and Cognition,other,1
Lecture Notes in Education Psychology and Public Media,other,1
Legon Journal of the Humanities,other,1
Legume Research - An International Journal,other,1
Lembaran Sejarah,other,1
Lentera Pendidikan Jurnal Ilmu Tarbiyah dan Keguruan,other,1
Letters in Applied Microbiology,other,1
Leviathan,other,1
LexScriptio A Journal of the Department of Jurisprudence and Public Law,other,1
Lexeme Journal of Linguistics and Applied Linguistics,other,1
Liaquat National Journal of Primary Care,other,1
Library Progress (International),other,1
Libyan Journal of Medicine,other,1
Life Sciences,other,1
Life Sciences in Space Research,other,1
Life and Science,other,1
Limnetica,other,1
Limnologica,other,1
Lingua Humanitatis,other,1
Lingua Montenegrina,other,1
Lingue Culture Mediazioni - Languages Cultures Mediation (LCM Journal),other,1
Linguistics & Education,other,1
Linguistics and Literature Studies,other,1
Linnaeus Eco-Tech,other,1
Lipids in Health and Disease,other,1
Lire Journal (Journal of Linguistics and Literature),other,1
Literariness Journal,other,1
Literary Imagination,other,1
Literary Voice,other,1
Literary oracle.,other,1
Literature Compass,other,1
Literature Language and Cultural Studies,other,1
Literature and medicine,other,1
Literature of the Americas,other,1
Livestock Science,other,1
Lokman Hekim Health Sciences,other,1
Lomonosov Translation Studies Journal,other,1
London Journal of Research in Science Natural & Formal,other,1
London Review of International Law,other,1
Longevity Horizon,other,1
Lunggi Journal,other,1
Lux Scholarship And Creativity At Lawrence University (Lawrence University),other,1
MAEH Journal of Environmental Health,other,1
MALLOMO Journal of Community Service,other,1
MASIVAN : JOURNAL OF LANGUAGE AND LITERATURE STUDIES,other,1
MAYARA Jurnal Pengabdian Masyarakat,other,1
MBSTU Journal of science and technology,other,1
MCU UBONRATCHATHANI JOURNAL OF BUDDHIST STUDIES (JOBU),other,1
MEDICAL JOURNAL OF SISAKET SURIN BURIRAM HOSPITALS,other,1
MEI,other,1
MOJ Anatomy & Physiology,other,1
MOJ Public Health,other,1
MUDARRISA Jurnal Kajian Pendidikan Islam,other,1
MUSLIMPRENEUR Jurnal Ekonomi dan Kajian Keislaman,other,1
Maeswara Jurnal Riset Ilmu Manajemen dan Kewirausahaan,other,1
Mağallaẗ̈ Kulliyyaẗ Al-Dirāsāt Al-Islāmiyyaẗ wa Al-ʿarabiyyaẗ Lil-Banin Bil-Qāhiraẗ,other,1
Mahachula Academic Journal,other,1
Mahkamah Jurnal Kajian Hukum Islam,other,1
Maine policy review,other,1
Majalah Kesehatan Indonesia,other,1
Making Futures,other,1
Malaysian Applied Biology,other,1
Malaysian Journal of Medicine and Health Sciences,other,1
Malaysian Journal of Microbiology,other,1
Malaysian Journal of Social Sciences and Humanities (MJSSH),other,1
Mammal Research,other,1
Mammalia,other,1
Mammalia aequatorialis,other,1
Mammalian Biology,other,1
Management Review Quarterly,other,1
Management of the personnel and intellectual resources in Russia,other,1
Mansoura Veterinary Medical Journal,other,1
Manual Therapy Posturology & Rehabilitation Journal,other,1
Manufacturing & Service Operations Management,other,1
Marine Biology Research,other,1
Marine Biotechnology,other,1
Marine Chemistry,other,1
Marine Ecology,other,1
Marine Environmental Research,other,1
Marine Fisheries Journal of Marine Fisheries Technology and Management,other,1
Marine Technology Society Journal,other,1
Marine and Fishery Sciences (MAFIS),other,1
Marine and Freshwater Behaviour and Physiology,other,1
MarineMedicine,other,1
Market-Tržište,other,1
Marlajar Journal of Science Technology and Innovation,other,1
Martabe Jurnal Pengabdian Kepada Masyarakat,other,1
Masyarakat Mandiri,other,1
Matatu,other,1
Materiale Plastice,other,1
Materials Letters,other,1
Materials Today Energy,other,1
Maternal and Child Health Journal,other,1
Mathematical Methods in the Applied Sciences,other,1
Mathematical Models and Methods in Applied Sciences,other,1
Mathematical Social Sciences,other,1
Mathematics and Computers in Simulation,other,1
Mathews Journal of Nutrition & Dietetics,other,1
Mathews Journal of Psychiatry & Mental Health,other,1
Matrix Science Medica,other,1
Matter,other,1
Matter Journal of New Materialist Research,other,1
Mavi Atlas,other,1
Max Weber Studies,other,1
McGill Science Undergraduate Research Journal,other,1
Meat Science,other,1
Meat Technology,other,1
Meat and Muscle Biology,other,1
Mechanisms of Development,other,1
MedPress Journal Gynecology and Obstetrics,other,1
Media Asia,other,1
Media Kesmas (Public Health Media),other,1
Media Konservasi,other,1
Media Watch,other,1
Media and Communication,other,1
Mediatization Studies,other,1
Medical & Clinical Reviews,other,1
Medical Clinics of North America,other,1
Medical Education,other,1
Medical Forum.,other,1
Medical Hypotheses,other,1
Medical Journal,other,1
Medical Journal Armed Forces India,other,1
Medical Journal of Dr D Y Patil Vidyapeeth,other,1
Medical Mycology,other,1
Medical Mycology Journal,other,1
Medical Parasitology and Parasitic Diseases,other,1
Medical Teacher,other,1
Medical and Clinical Chemistry,other,1
Medical-Surgical Journal of Nursing Research.,other,1
Medicina nei secoli,other,1
Medicine International,other,1
Medicinski podmladak,other,1
Medico Research Chronicles,other,1
Medieval Worlds,other,1
Mediterranean Journal of Infection Microbes and Antimicrobials,other,1
Mediterranean Marine Science,other,1
Mediterranean veterinary journal.,other,1
Meditsinskaya sestra,other,1
Medycyna Pracy,other,1
Medycyna Rodzinna,other,1
Mehmet Akif Ersoy Üniversitesi Veteriner Fakültesi Dergisi,other,1
Memoirs of NovSU,other,1
Menara Ilmu,other,1
Mental Health Science,other,1
Meridians,other,1
Mersin Üniversitesi Açık Erişim Sistemi/Mersin University Open Access System,other,1
Mersin Üniversitesi Tıp Fakültesi Lokman Hekim Tıp Tarihi ve Folklorik Tıp Dergisi,other,1
Metacritic Journal for Comparative Studies and Theory,other,1
Metamedicine,other,1
Metathesis Journal of English Language Literature and Teaching,other,1
Methis Studia humaniora Estonica,other,1
Methodist History,other,1
MethodsX,other,1
Metrics,other,1
MiCISAN,other,1
Michigan Historical Review,other,1
Microbes and Infection,other,1
Microbial Ecology,other,1
Microbiology,other,1
Microbiology & Infectious Diseases,other,1
Microbiology Research,other,1
Microscopy and Microanalysis,other,1
Middle East Journal of Applied Sciences,other,1
Middle East Research Journal Microbiology and Biotechnology,other,1
Middle East Research Journal of Linguistics and Literature,other,1
Middle East Research Journal of Pharmaceutical Sciences,other,1
Middle West review,other,1
Migration and Development,other,1
Miguel Hernández Communication Journal,other,1
Milbank Quarterly,other,1
Mind,other,1
Mitochondrion,other,1
Mitra Abdimas Jurnal Pengabdian kepada Masyarakat,other,1
Mobile Networks and Applications,other,1
Modeling and Simulation,other,1
Modelling—International Open Access Journal of Modelling in Engineering Science,other,1
Modern Asian Studies,other,1
Modern Greek Studies (Australia and New Zealand),other,1
Modern Language Quarterly,other,1
Modern Philology,other,1
Modern Studies in English Language & Literature,other,1
Molecular Carcinogenesis,other,1
Molecular Diversity,other,1
Molecular Ecology,other,1
Molecular Enzymology and Drug Targets,other,1
Molecular Genetics and Metabolism,other,1
Molecular Medicine Reports,other,1
Molecular Pharmacology,other,1
Molecular Plant,other,1
Molecular and Biochemical Parasitology,other,1
Molecular and Cellular Endocrinology,other,1
Molecules and Cells,other,1
Momona Ethiopian Journal of Science,other,1
MonTi Monografías de Traducción e Interpretación,other,1
Monografies del Montseny,other,1
Montenegrin Journal of Sports Science and Medicine,other,1
Montview Journal of Research & Scholarship,other,1
Mormon Studies Review,other,1
Motivation and Emotion,other,1
Movement Disorders Clinical Practice,other,1
Movement Ecology,other,1
Movere Journal,other,1
Mulawarman International Conference on Tropical Public Health,other,1
Multidisciplinary Indonesian Center Journal,other,1
Multidisciplinary Latin American Journal (MLAJ),other,1
Multidisciplinary Science Journal,other,1
Musamus Journal of Economics Development,other,1
Musculoskeletal Care,other,1
Music Theory Online,other,1
Music Theory Spectrum,other,1
Music and Performing Arts Journal,other,1
Muş Alparslan Üniversitesi Sağlık Bilimleri Dergisi,other,1
MyPrints@UOM (Mysore University Library),other,1
México y la Cuenca del Pacífico,other,1
Mìžnarodnij fìlologìčnij časopis,other,1
NACLA Report on the Americas,other,1
NASN School Nurse,other,1
NFS Journal,other,1
NIBANDHAMALA,other,1
NJAS Impact in Agricultural and Life Sciences,other,1
NOLEGEIN-Journal of Global Marketing,other,1
NORA - Norwegian Open Research Archives,other,1
NUJS journal of regulatory studies.,other,1
NUSANTARA Jurnal Pengabdian Kepada Masyarakat,other,1
NWCommons (Northwestern College - Iowa),other,1
Nakkhabut Paritat Journal,other,1
Names,other,1
Nano Research,other,1
Nano Research Energy,other,1
Nano Select,other,1
Nanophotonics,other,1
Nanotechnology,other,1
Nanotechnology for Environmental Engineering,other,1
Narracje o Zagładzie,other,1
Nathaniel Hawthorne Review,other,1
National Academic Digital Repository of Ethiopia,other,1
National Academy Science Letters,other,1
National Journal of Pharmacology and Therapeutics,other,1
National Journal of Physiology Pharmacy and Pharmacology,other,1
Natural History Collections and Museomics,other,1
Natural Resources and Sustainable Development,other,1
Natural Science Education in a Comprehensive School (NSECS),other,1
Natural hazards and earth system sciences,other,1
Naturaleza y Sociedad Desafíos Medioambientales,other,1
Naturalis Jurnal Penelitian Pengelolaan Sumber Daya Alam dan Lingkungan,other,1
Nature Conservation Research,other,1
Nature Food,other,1
Nature Genetics,other,1
Nature Medicine,other,1
Nature Microbiology,other,1
Nature Neuroscience,other,1
Nature Plants,other,1
Nature Reviews Microbiology,other,1
Nature Sustainability,other,1
Nature reviews. Neuroscience,other,1
Nauchno-prakticheskii zhurnal «Medicinskaia genetika»,other,1
Naukovyi Visnyk Natsionalnoho Hirnychoho Universytetu,other,1
Naukovì zapiski Nacìonalʹnogo unìversitetu «Ostrozʹka akademìâ» Serìâ «Fìlologìâ»,other,1
Naunyn-Schmiedeberg s Archives of Pharmacology,other,1
Nazarbayev University Repository (Nazarbayev University),other,1
Nekton,other,1
Neliti,other,1
NeoBiota,other,1
Nepal Medical College Journal,other,1
Nepalese Journal of Zoology,other,1
Nephrology Dialysis Transplantation,other,1
Neraca,other,1
Network Modeling Analysis in Health Informatics and Bioinformatics,other,1
Neural Computing and Applications,other,1
Neural Processing Letters,other,1
Neuro-Oncology Advances,other,1
NeuroImage Clinical,other,1
NeuroQuantology,other,1
Neurobiology of Disease,other,1
Neurobiology of Learning and Memory,other,1
Neurocomputing,other,1
Neurological Sciences,other,1
Neurology Psychiatry and Brain Research,other,1
Neurología (English Edition),other,1
Neuron Communications,other,1
Neuropathology,other,1
Neuropsychiatrie,other,1
Neuropsychologia,other,1
Neuropsychological Trends,other,1
Neuropsychology,other,1
Neuroradiology,other,1
Neuroscience,other,1
Neuroscience Research,other,1
Neurotransmitter,other,1
New Contree,other,1
New Journal of Chemistry,other,1
New Literaria,other,1
New Literary History,other,1
New Medical Innovations and Research,other,1
New Medit,other,1
New Phytologist,other,1
New Review of Film and Television Studies,other,1
New York History,other,1
New Zealand Geographer,other,1
New Zealand Journal of Botany,other,1
New Zealand Journal of Marine and Freshwater Research,other,1
New Zealand Science Review,other,1
New Zealand Veterinary Journal,other,1
Newsletter Transcarpathian Academy of Arts,other,1
Next Materials,other,1
Next Nanotechnology,other,1
Nigerian Journal of Clinical Practice,other,1
Nigerian Journal of Medical and Dental Education,other,1
Nigerian Journal of Paediatrics,other,1
Nigerian Journal of Technology,other,1
Nihon Chikusan Gakkaiho,other,1
Nihon Keiei Gakkaishi,other,1
Nile Journal of Engineering and Applied Science,other,1
Nineteenth-Century Literature,other,1
Nippon Onkyo Gakkaishi/Acoustical science and technology/Nihon Onkyo Gakkaishi,other,1
Nordic Journal of Psychiatry,other,1
Nordic journal of dance,other,1
Normalita (Jurnal Pendidikan),other,1
North American Journal of Medical Sciences,other,1
Notas de Enfermería,other,1
Notes,other,1
Notulae Scientia Biologicae,other,1
Nova et vetera,other,1
Novaia i noveishaia istoriia,other,1
Nowoczesne Systemy Zarządzania,other,1
Nucleosides Nucleotides & Nucleic Acids,other,1
Nurse Education in Practice,other,1
Nursing & Primary Care,other,1
Nursing Administration Quarterly,other,1
Nursing Forum,other,1
Nursing Inquiry,other,1
Nursing Made Incredibly Easy!,other,1
Nusantara Community Empowerment Review,other,1
Nutrition & Food Science International journal,other,1
O Mundo da Saúde,other,1
OAPEN (The OAPEN Foundation),other,1
OBM Geriatrics,other,1
OBM Integrative and Complementary Medicine,other,1
OBSERVATÓRIO DE LA ECONOMÍA LATINOAMERICANA,other,1
ODU Digital Commons (Old Dominion University),other,1
OECD Observer,other,1
OLAM: Ciência & Tecnologia,other,1
ORIENTAL STUDIES,other,1
OSTI OAI (U.S. Department of Energy Office of Scientific and Technical Information),other,1
OTO Open,other,1
Obesity Pillars,other,1
Object,other,1
Oceanography,other,1
Oceanography & Fisheries Open access Journal,other,1
Ochsner Journal,other,1
OnLine Journal of Biological Sciences,other,1
Oncogene,other,1
Oncology Letters,other,1
One Earth,other,1
One Ecosystem,other,1
One Health & Risk Management,other,1
One Health Advances,other,1
One Health Innovation,other,1
Online Journal of Public Health Informatics,other,1
Open Access Insect Physiology,other,1
Open Access Journal of Gynecology,other,1
Open Access Journal of Veterinary Science & Research,other,1
Open Access Publishing Group - European Journal of Education Studies,other,1
Open Access Research Journal of Science and Technology,other,1
Open Access Rheumatology Research and Reviews,other,1
Open Computer Science,other,1
Open Geosciences,other,1
Open House International,other,1
Open Journal of Depression,other,1
Open Journal of Ecology,other,1
Open Journal of Internal Medicine,other,1
Open Research Europe,other,1
Open Screens,other,1
OpenAgrar,other,1
OpenMETU (Middle East Technical University),other,1
Opera in linguistica ukrainiana,other,1
Operations Management Research,other,1
Ophthalmic Plastic and Reconstructive Surgery,other,1
Ophthalmology Science,other,1
Optometry and Vision Science,other,1
Opus uluslararası toplum araştırmaları dergisi,other,1
Opuscula Musealia,other,1
Oral Oncology,other,1
Oral Sphere Journal of Dental and Health Sciences,other,1
Orapuh Journal,other,1
Orbis Litterarum,other,1
Organization,other,1
Organization Theory,other,1
Oriental Journal Of Chemistry,other,1
Orientalistica,other,1
Ornis Fennica,other,1
Ornitología Neotropical,other,1
Orvosi Hetilap,other,1
Oshada.,other,1
Otago German studies,other,1
Outlines of global transformations politics economics law,other,1
Outlooks on Pest Management,other,1
Oxford Art Journal,other,1
Oxford Open Climate Change,other,1
Oxford Review of Economic Policy,other,1
PAEDAGOGY Jurnal Ilmu Pendidikan dan Psikologi,other,1
PAIN Reports,other,1
PAKISTAN LANGUAGES AND HUMANITIES REVIEW,other,1
PAPALELE (Jurnal Penelitian Sosial Ekonomi Perikanan dan Kelautan),other,1
PATRIOTIK: Jurnal Inovasi dan Pemberdayaan Masyarakat,other,1
PCU Multidisciplinary Research Journal,other,1
PDA Journal of Pharmaceutical Science and Technology,other,1
PDXScholar  (Portland State University),other,1
PEC Innovation,other,1
PENA DIMAS Jurnal Pengabdian Masyarakat,other,1
PETERPAN (Jurnal Peternakan Terapan),other,1
PHILHARMONICA International Music Journal,other,1
PIG BREEDING AND AGROINDUSTRIAL PRODUCTION INTERDEPARTMENTAL SUBJECT SCIENTIFIC DIGEST,other,1
PLACENTUM Jurnal Ilmiah Kesehatan dan Aplikasinya,other,1
PLOS Water,other,1
PLoS Computational Biology,other,1
PLoS Genetics,other,1
PORTAL Journal of Multidisciplinary International Studies,other,1
PRAGATI Journal of Indian Economy,other,1
PROCEEDINGS OF THE ZOOLOGICAL SOCIETY OF INDIA,other,1
PROFICIO,other,1
PROMOTOR,other,1
PROMUSIKA,other,1
PS Political Science & Politics,other,1
PSIAX 4 - Estudos e reflexões sobre desenho e imagem,other,1
PSYCHOLINGUISTICS,other,1
PSYCHOLOGICAL JOURNAL,other,1
PUEBLO CONTINENTE,other,1
Pacific Medical Journal,other,1
Pacific Science,other,1
Padua@research (University of Padova),other,1
Paediatrica Indonesiana,other,1
Pain,other,1
Pakistan Armed Forces Medical Journal,other,1
Pakistan Heart Journal,other,1
Pakistan Journal of Health Sciences,other,1
Pakistan Journal of Life and Social Sciences (PJLSS),other,1
Pakistan Journal of Medical Sciences,other,1
Pakistan Journal of Medicine and Dentistry,other,1
Pakistan Journal of Social Sciences,other,1
Pakistan Journal of Zoology,other,1
Palliative Medicine Reports,other,1
Pamukkale Medical Journal,other,1
Pamukkale University Journal of Engineering Sciences,other,1
Pan-Art,other,1
Panacea Journal of Linguistics & Literature,other,1
Pancreas,other,1
Pandawa Pusat Publikasi Hasil Pengabdian Masyarakat,other,1
Panggung Kebaikan,other,1
Papers in Literature,other,1
Papéis Avulsos de Zoologia,other,1
Paradigma,other,1
Parafrase : jurnal kajian kebahasaan dan kesastraan/Parafrase,other,1
Parasite Epidemiology and Control,other,1
Parasitology,other,1
Parenting,other,1
Parergon,other,1
Particuology,other,1
Pashto,other,1
Path of Science,other,1
Payesh (Health Monitor) Journal,other,1
Pedagogical Almanac,other,1
Pedagogical Review,other,1
Pediatria i Medycyna Rodzinna,other,1
Pediatric Dental Journal,other,1
Pediatric Emergency Care,other,1
Pediatric Gastroenterology Hepatology & Nutrition,other,1
Pediatric Investigation,other,1
Pediatric Medicine,other,1
Pediatric Nephrology,other,1
Pediatric Neurosurgery,other,1
Pediatric Reports,other,1
Peer Community Journal,other,1
PeerJ Computer Science,other,1
Pensar Enfermagem - Revista Científica | Journal of Nursing,other,1
Peptides,other,1
Peradeniya Management Review,other,1
Perceptual and Motor Skills,other,1
Performance Enhancement & Health,other,1
Perinatology and reproductology from research to practice,other,1
Perspectives in Animal Health and Welfare,other,1
Perspectives in Public Health,other,1
Perspectives in Social Science,other,1
Perspectives on Medical Education,other,1
Perspectives on Psychological Science,other,1
Pervasive and Mobile Computing,other,1
Pesquisa Veterinária Brasileira,other,1
Pesquisa em Foco,other,1
Pest Management in Horticultural Ecosystems,other,1
Pesticidi i fitomedicina,other,1
Pets,other,1
Pferdeheilkunde Equine Medicine,other,1
Pflügers Archiv - European Journal of Physiology,other,1
"Phaidra - Repository of the University of Veterinary Medicine, Vienna",other,1
Pharmaceutical Biology,other,1
Pharmaceutics,other,1
Pharmaciana,other,1
Pharmacognosy Magazine,other,1
Pharmacological Research - Modern Chinese Medicine,other,1
Pharmacological Reviews,other,1
Pharmacology & Therapeutics,other,1
Pharmacology Biochemistry and Behavior,other,1
Pharmaspire,other,1
Phenomenology and the Cognitive Sciences,other,1
Philosophia,other,1
Philosophical Problems of IT & Cyberspace (PhilIT&C),other,1
Philosophies,other,1
Philosophy & Technology,other,1
Philosophy and Phenomenological Research,other,1
Philosophy and Rhetoric,other,1
Philosophy of Science,other,1
Phimoldhamma Research Institute Journal,other,1
"Phosphorus, sulfur, and silicon and the related elements",other,1
PhotoniX,other,1
Physical Education Theory and Methodology,other,1
Physical Therapy,other,1
Physician Assistant Clinics,other,1
Physics Today,other,1
Physics World,other,1
Physiologia,other,1
Physiologia Plantarum,other,1
Physiological Entomology,entomology,1
Physiological and Molecular Plant Pathology,other,1
Physiology & Behavior,other,1
Physiotherapy,other,1
Phytochemistry,other,1
Phytomedicine Plus,other,1
Phyton,other,1
Plains Anthropologist,other,1
Planning for higher education,other,1
Plant Biotechnology Journal,other,1
Plant Physiology and Biochemistry,other,1
Plant Species Biology,other,1
Plant-Environment Interactions,other,1
Planta Animalia,other,1
Planta Medica,other,1
Plasmonics,other,1
Plastic & Reconstructive Surgery Global Open,other,1
Ploughshares,other,1
Población y Salud en Mesoamérica,other,1
Polar Biology,other,1
Polilog: Studia Neofilologiczne,other,1
Polish Hyperbaric Research,other,1
Polish Journal for Sustainable Development,other,1
Polish Journal of Landscape Studies,other,1
Polish Journal of Veterinary Sciences,other,1
Polish Studies of Kyiv,other,1
Political Economy Quarterly,other,1
Politiques de communication,other,1
Polityka i Społeczeństwo,other,1
Pollution Engineering,other,1
Poltekita Jurnal Ilmu Kesehatan,other,1
Polymer-Plastics Technology and Materials,other,1
Polymers,other,1
Polysaccharides,other,1
Polémicas Feministas,other,1
Popular Culture Review,other,1
Populasi,other,1
Population Ecology,other,1
Population Research and Policy Review,other,1
Porcine Health Management,other,1
Porn Studies,other,1
Porto Biomedical Journal,other,1
"Portuguese National Funding Agency for Science, Research and Technology (RCAAP Project by FCT)",other,1
Postgraduate Medicine,other,1
Potravinarstvo Slovak Journal of Food Sciences,other,1
Powder Technology,other,1
Poznańskie Studia Polonistyczne Seria Językoznawcza,other,1
Prace Historyczne,other,1
Prace Literackie,other,1
Practica Veterinara ro,other,1
Practical Diabetes,other,1
Practical Radiation Oncology,other,1
Prajñā Vihāra: Journal of Philosophy and Religion,other,1
Prantik Gabeshana Patrika,other,1
Prapanca Jurnal Abdimas,other,1
Prawo Kanoniczne,other,1
Prehospital Emergency Care,other,1
Preparative Biochemistry & Biotechnology,other,1
Preternature Critical and Historical Studies on the Preternatural,other,1
Preventive Medicine Research & Reviews,other,1
Preventive Veterinary Medicine,other,1
Prilozi za orijentalnu filologiju - POF,other,1
Prima Abdika Jurnal Pengabdian Masyarakat,other,1
Primates,other,1
ProBisnis Jurnal Manajemen,other,1
Problems of Interaction Between Arts Pedagogy and the Theory and Practice of Education,other,1
Problems of Veterinary Sanitation Hygiene and Ecology,other,1
Problemy Wczesnej Edukacji,other,1
Procedia Studi Kasus dan Intervensi Psikologi,other,1
Proceeding of Annual Conference on Islamic Economy and Law,other,1
Proceedings Borneo Islamic International Conference,other,1
Proceedings for Annual Meeting of The Japanese Pharmacological Society,other,1
Proceedings of Anticancer Research,other,1
Proceedings of Fechner Day,other,1
Proceedings of the Human Factors and Ergonomics Society Annual Meeting,other,1
Proceedings of the Indian National Science Academy,other,1
Proceedings of the Institution of Civil Engineers - Waste and Resource Management,other,1
Proceedings of the Institution of Mechanical Engineers Part I Journal of Systems and Control Engineering,other,1
Proceedings of the International Conference on Rural Development and Entrepreneurship (ICORE),other,1
Proceedings of the International Ocean Drilling Programme,other,1
Proceedings of the Karelian Research Centre of the Russian Academy of Sciences,other,1
Proceedings of the National Academy of Sciences India Section B Biological Sciences,other,1
Proceedings of the West Virginia Academy of Science,other,1
Proceedings on Engineering Sciences,other,1
Process Studies,other,1
Progress In Microbes & Molecular Biology,other,1
Progress In Oceanography,other,1
Progress in Artificial Intelligence,other,1
Progress in Biophysics and Molecular Biology,other,1
Progress in Disaster Science,other,1
Progress in Pediatric Cardiology,other,1
Progress in Retinal and Eye Research,other,1
Progressive Agriculture,other,1
Prooceeding of the Mandala Waluya International Conference on Pharmaceutical Science and Practice,other,1
Prosiding Konferensi Nasional Pengabdian Kepada Masyarakat dan Corporate Social Responsibility (PKM-CSR),other,1
Prosiding Pendidikan Dokter,other,1
Prosiding Penelitian dan Pengabdian kepada Masyarakat,other,1
Prosiding Seminar Hasil Penelitian dan Pengabdian Masyarakat,other,1
Prosiding Seminar Nasional Fakultas Ilmu Sosial dan Ilmu Politik,other,1
Prosiding Seminar Nasional Hasil Pengabdian Kepada Masyarakat Universitas Ahmad Dahlan,other,1
Prosiding Seminar Nasional Ilmu Manajemen Kewirausahaan dan Bisnis.,other,1
Prosiding Seminar Nasional Pengembangan Teknologi Pertanian,other,1
Prosiding Seminar Nasional Program Pengabdian Masyarakat,other,1
Prosiding Seminar Umum Pengabdian Kepada Masyarakat,other,1
Prospects,other,1
Protein Jurnal Ilmu Keperawatan dan Kebidanan  ,other,1
Przegląd Bezpieczeństwa Wewnętrznego,other,1
Przegląd Konstytucyjny,other,1
Przegląd Politologiczny,other,1
Przegląd Prawa Administracyjnego,other,1
Przestrzenie Teorii,other,1
Psicothema,other,1
Psihološka obzorja,other,1
Psikhiatriya,other,1
PsyPag Quarterly,other,1
Psychiatric Annals,other,1
Psychiatry Research Case Reports,other,1
Psychiatry and Behavioral Sciences,other,1
Psychiatry and Clinical Neurosciences,other,1
Psychoanalysis,other,1
Psychoanalysis Culture & Society,other,1
Psychoanalytic Inquiry,other,1
Psychological Perspectives,other,1
Psychological Studies,other,1
Psychologie Française,other,1
Psychology and Education A Multidisciplinary Journal,other,1
Psychoneuroendocrinology,other,1
Psychonomic Bulletin & Review,other,1
Psychosomatic Medicine,other,1
Psychotherapy Research,other,1
Psychotherapy Section Review,other,1
Public Affairs And Governance,other,1
Public Health of Indonesia,other,1
Publishing Research Quarterly,other,1
Punjab University journal of zoology,other,1
Pure (University of Bath),other,1
Purinergic Signalling,other,1
QISTINA Jurnal Multidisiplin Indonesia,other,1
QScience Highlights,other,1
Qawãnïn Journal of Economic Syaria Law,other,1
Quaker history,other,1
Qualitative Inquiry,other,1
Qualitative Research,other,1
Quality Advancement in Nursing Education - Avancées en formation infirmière,other,1
Quality in Sport,other,1
Quality of Life Research,other,1
Quantitative Economics and Management Studies,other,1
Quantum Wellness : Jurnal Ilmu Kesehatan,other,1
Quart.,other,1
Quarterly Journal of Experimental Psychology,other,1
Quaternary Science Reviews,other,1
RAUmPlan (Institute of Architecture and Urban & Spatial Planning of Serbia),other,1
RCMOS - Revista Científica Multidisciplinar O Saber,other,1
REKAM Jurnal Fotografi Televisi dan Animasi,other,1
RENDICONTI LINCEI,other,1
RESEARCH RESULT Theoretical and Applied Linguistics,other,1
RESEARCH REVIEW International Journal of Multidisciplinary,other,1
RESONA Jurnal Ilmiah Pengabdian Masyarakat,other,1
REST Journal on Banking Accounting and Business,other,1
REVISTA CIENTÍFICA MULTIDISCIPLINARIA ARBITRADA YACHASUN,other,1
RGUHS National Journal of Public Health,other,1
RIMAK International Journal of Humanities and Social Sciences,other,1
RIT Scholar Works (Rochester Institute of Technology),other,1
RMIT Research Repository (RMIT University Library),other,1
RSUH/RGGU Bulletin Literary Theory Linguistics Cultural Studies Series,other,1
RUNE (Research UNE),other,1
RUSSIAN ELECTRONIC SCIENTIFIC JOURNAL,other,1
Race and Yoga,other,1
Radca Prawny,other,1
Radical History Review,other,1
Rahat-ul-Quloob,other,1
Ramkhamhaeng University Journal Humanities Edition,other,1
Ranah Research Journal of Multidisciplinary Research and Development,other,1
Rangeland Ecology & Management,other,1
Rare Metals,other,1
Rasprave Instituta za hrvatski jezik i jezikoslovlje,other,1
Ratio Legis Journal,other,1
Reading Research Quarterly,other,1
Recent Advances in Food Nutrition & Agriculture,other,1
Recial,other,1
Records of Agricultural and Food Chemistry,other,1
Reflexio,other,1
Regenerative Engineering and Translational Medicine,other,1
Regional Research of Russia,other,1
Regional Science and Urban Economics,other,1
Regional Studies,other,1
Regional lens.,other,1
Regulatory Toxicology and Pharmacology,other,1
Relations Beyond Anthropocentrism,other,1
Religion and Society,other,1
Remote Sensing in Ecology and Conservation,other,1
Renaissance Drama,other,1
Renewable Energy,other,1
Repeater,other,1
Reporte climatológico,other,1
Reports on Global Health Research,other,1
Reports — Medical Cases Images and Videos,other,1
Repository for Publications and Research Data (ETH Zurich),other,1
Repository of the University of Namur,other,1
Repozytorium Uniwersytetu im. Adama Mickiewicza (Adam Mickiewicz University in Poznań),other,1
Reproduction Fertility and Development,other,1
Res Anthropology and Aesthetics,other,1
Research & Reviews: Journal of Agricultural Science and Technology,other,1
Research Explorer (The University of Manchester),other,1
Research Hub,other,1
Research Journal for Social Affairs,other,1
Research Journal of Education,other,1
Research Journal of Food Science and Nutrition,other,1
Research Journal of Food and Nutrition,other,1
Research Journal of Pharmacy and Technology,other,1
Research Journal of Psychology,other,1
Research Journal of Social Sciences & Economics Review (RJSSER),other,1
Research Output Journal of Public Health and Medicine,other,1
Research Review,other,1
Research Trend in Technology and Management,other,1
Research and commentary on humanities and arts.,other,1
Research and humanities in medical education,other,1
Research for All,other,1
Research in Agriculture Livestock and Fisheries,other,1
Research in Autism,other,1
Research in Ecology,other,1
Research in Neurodiversity,other,1
Research in Social Sciences,other,1
Research in Social and Administrative Pharmacy,other,1
Research on Literary and Art Development,other,1
Research outreach,other,1
ResearchOnline,other,1
ResearchOnline - JCU (James Cook University),other,1
ResearchWorks at the University of Washington (University of Washington),other,1
Respiratory Research,other,1
Respirology,other,1
Restaurator International Journal for the Preservation of Library and Archival Material,other,1
Restoration and Eighteenth-Century Theatre Research,other,1
Results in Engineering,other,1
Rethinking Ecology,other,1
Retos,other,1
Review Journal of Autism and Developmental Disorders,other,1
Review of Behavioral Finance,other,1
Review of Contemporary Philosophy,other,1
Review of Economic and Business Studies,other,1
Review of Financial Studies,other,1
Review of Medical Practice,other,1
Reviews in American History,other,1
Revista Acta Ambiental Catarinense,other,1
Revista Agro mbiente On-line,other,1
Revista Argentina De Ingeniería,other,1
Revista Aurora,other,1
Revista Brasileira de Ciências Ambientais,other,1
Revista Brasileira de Educação do Campo,other,1
Revista Brasileira de Enfermagem,other,1
Revista Brasileira de Ensino de Ciência e Tecnologia,other,1
Revista Brasileira de Entomologia,other,1
Revista Brasileira de Extensão Universitária,other,1
Revista Brasileira de Geografia Física,other,1
Revista Brasileira de Zootecnia,other,1
Revista Científica Arbitrada de Investigación en Comunicación Marketing y Empresa REICOMUNICAR,other,1
Revista Científica Arbitrada en Investigaciones de la Salud GESTAR,other,1
Revista Científica Ciencia y Método,other,1
Revista Científica de Educação,other,1
Revista Científica de la Facultad de Ciencias Veterinarias,other,1
Revista Científica del Sistema de Estudios de Postgrado de la Universidad de San Carlos de Guatemala,other,1
Revista Colombiana de Entomología,other,1
Revista De Estudios Hispanicos,other,1
Revista Educación,other,1
Revista Eduscientia. Divulgación de la ciencia educativa,other,1
Revista Em Extensão,other,1
Revista Española de Anestesiología y Reanimación,other,1
Revista Estado da Arte,other,1
Revista Gestão Inovação e Tecnologias,other,1
Revista Ibero-Americana de Ciências Ambientais,other,1
Revista Internacional de Contaminación Ambiental,other,1
Revista Latina de Comunicación Social,other,1
Revista Latinoamericana de Estudios Críticos Animales,other,1
Revista Latinoamericana de Psicología,other,1
Revista Memória LGBT,other,1
Revista Mexicana de Anestesiología,other,1
Revista Multidisciplinar Epistemología de las Ciencias,other,1
Revista Multidisciplinaria Voces de América y el Caribe,other,1
Revista Portuguesa de Clínica Geral,other,1
Revista Recien,other,1
Revista Review Index Journal of Multidisciplinary,other,1
Revista Universitaria del Caribe,other,1
Revista Universitária Brasileira,other,1
Revista cubana de pediatría,other,1
Revista de Cercetare si Interventie Sociala,other,1
Revista de Drept Public,other,1
Revista de Filosofia Moderna e Contemporânea,other,1
Revista de Fomento Social,other,1
Revista de Patologia Tropical / Journal of Tropical Pathology,other,1
Revista de Simulación en Ciencias de la Salud REVSIMCS .,other,1
Revista de divulgación científica iBIO,other,1
Revista de fruticultura,other,1
Revista de investigaciones marinas,other,1
Revista de la Facultad de Agronomía,other,1
Revista de la Sociedad Entomológica Argentina,other,1
Revista de la Sociedad Española del Dolor,other,1
Revista del Laboratorio Clínico,other,1
Revista eureka sobre enseñanza y divulgación de las ciencias,other,1
Revista iberoamericana de estudios de desarrollo = Iberoamerican journal of development studies,other,1
Revista internacional de psicología y terapia psicológica/Revista internacional de psicología y terapia psicológica,other,1
Revista latinoamericana de bioética,other,1
Revistes Científiques de la University of Barcelona (University of Barcelona),other,1
Revue Africaine de Chirurgie et Spécialités,other,1
Revue Internationale de Management d Entrepreneuriat et de Communication,other,1
Revue Neurologique,other,1
Revue d Écologie (La Terre et La Vie),other,1
Revue d'Histoire Méditerranéenne,other,1
Revue de Stomatologie de Chirurgie Maxillo-faciale et de Chirurgie Orale,other,1
Rhetoric of Health & Medicine,other,1
"Rhetoric, Politics & Culture /Rhetoric, Politics & Culture",other,1
Rheumatology International,other,1
Rivista internazionale di filosofia e psicologia,other,1
Riwayat Educational Journal of History and Humanities,other,1
Robotics Reports,other,1
Rocky Mountain review/The Rocky Mountain review,other,1
Rocznik Andragogiczny,other,1
Romanian Journal of Veterinary Sciences,other,1
Roxolania Historĭca = Historical Roxolania,other,1
Ruang Pengabdian Jurnal Pengabdian Kepada Masyarakat,other,1
Ruch Literacki,other,1
Rural Sustainability Research,other,1
Rural Theology,other,1
Russian Agency for Digital Standardization,other,1
Russian Agricultural Sciences,other,1
Russian Bulletin of Otorhinolaryngology,other,1
Russian Economic Journal,other,1
Russian Foundation for Basic Research Journal Humanities and social sciences,other,1
Russian Journal of Allergy,other,1
Russian Journal of Ecosystem Ecology,other,1
Russian Law Journal,other,1
Russian language at school,other,1
Russian otorhinolaryngology,other,1
Rybovodstvo i rybnoe hozjajstvo (Fish Breeding and Fisheries),other,1
SA Journal of Human Resource Management,other,1
SAMARAH Jurnal Hukum Keluarga dan Hukum Islam,other,1
SAS Journal of Medicine,other,1
SBV Journal of Basic Clinical and Applied Health Science,other,1
SCIENTIFIC AND PRODUCTION JOURNAL BEEKEEPING OF UKRAINE,other,1
SEHATMAS Jurnal Ilmiah Kesehatan Masyarakat,other,1
SHAREOK (University of Oklahoma; Oklahoma State University; Central Oklahoma University),other,1
SHOTA MESKHIA STATE TEACHING UNIVERSITY OF ZUGDIDI,other,1
SHURA (Sheffield Hallam University Research Archive) (Sheffield Hallam University),other,1
SIMBIOSIS Journal of Biological Sciences,other,1
SINERGI,other,1
SINERGI Jurnal Riset Ilmiah,other,1
SISTEMASI,other,1
SJCC Management Research Review,other,1
SKRIPSI Jurusan Kependidikan Sekolah Dasar & Prasekolah - Fakultas Ilmu Pendidikan UM,other,1
SLEEP Advances,other,1
SN Business & Economics,other,1
SNHU Academic Archive (Southern New Hampshire University),other,1
SOSCIED,other,1
SPAST Abstracts,other,1
STAR Protocols,other,1
SUTHIPARITHAT JOURNAL,other,1
SVU-International Journal of Agricultural Sciences,other,1
Sabanci University,other,1
Sains Malaysiana,other,1
Samutprakan Hospital Journal (SMPK HOS J),other,1
Samyak An Undergraduate Journal of Jain Studies,other,1
San Francisco Estuary and Watershed Science,other,1
Sapiens in Medicine Journal,other,1
Sasambo Jurnal Abdimas (Journal of Community Service),other,1
Saudi Journal of Biological Sciences,other,1
Saudi Journal of Emergency Medicine,other,1
Saudi Journal of Medical and Pharmaceutical Sciences,other,1
Scandinavian Journal of Medicine and Science in Sports,other,1
Scandinavian Journal of Psychology,other,1
Scholar Commons (University of South Carolina),other,1
ScholarSpace (University of Hawaii at Manoa),other,1
ScholarWorks (Central Washington University),other,1
ScholarWorks - GVSU (Grand Valley State University),other,1
ScholarWorks - WMU (Western Michigan University),other,1
ScholarWorks -A service of University of Vermont Libraries (University of Vermont),other,1
ScholarWorks @ UTRGV (The University of Texas Rio Grande Valley),other,1
Scholarly Research Journal for Interdisciplinary Studies,other,1
ScholarlyCommons (University of Pennsylvania),other,1
Scholars Commons (Wilfrid Laurier University),other,1
Scholastic: Journal of Natural and Medical Education,other,1
Scholedge International Journal of Management & Development,other,1
School Counselling and Sandplay,other,1
SciEnggJ,other,1
Science & Technology Studies,other,1
Science Activities,other,1
Science China Materials,other,1
Science Digest,other,1
Science Education and Innovations in the Context of Modern Problems,other,1
Science Journal of Public Health,other,1
Science Progress,other,1
Science Society State,other,1
Science Tech Jurnal Ilmu Pengetahuan dan Teknologi,other,1
Science Technology and Arts Research Journal,other,1
Science Trends,other,1
Science World Journal,other,1
Science and Engineering Ethics,other,1
Science and Society Insights,other,1
Science and Technology of Engineering Chemistry and Environmental Protection,other,1
Science education international,other,1
ScienceAsia,other,1
Sciences de la Santé,other,1
Scientia,other,1
Scientia Agricola,other,1
Scientia Marina,other,1
Scientific Annals of the Danube Delta Institute,other,1
Scientific Journal of Sport and Performance,other,1
Scientific Papers Series D Animal Science,other,1
Scientific Papers of Silesian University of Technology Organization and Management Series,other,1
Scientific Proceedings of the Vanadzor State University Humanities and Social Sciences,other,1
Scientific Programming,other,1
Scientific Review,other,1
Scientific and Social Research,other,1
Scientific and Technical Bulletin of Livestock Farming Institute of NAAS of Ukraine,other,1
Scientific and analytical journal Burganov House The space of culture,other,1
Scope Contemporary Research Topics (Art & Design),other,1
Sebatik,other,1
Seeds of Science,other,1
Seltics Journal Scope of English Language Teaching Literature and Linguistics,other,1
Seminar Nasional Penelitian dan Pengabdian Kepada Masyarakat 2025,other,1
Seminar Nasional Pengabdian Kepada Masyarakat (PKM),other,1
Seminar Nasional dan Gelar Karya Produk Hasil Pembelajaran,other,1
Seminars in Cancer Biology,other,1
Seminars in Immunopathology,other,1
Sensors and Actuators A Physical,other,1
Sensors and Actuators B Chemical,other,1
Sensus Historiae,other,1
Separation and Purification Technology,other,1
Serbian Journal of Dermatology and Venerology,other,1
Serbian studies,other,1
Sexual Medicine,other,1
Sexually Transmitted Infections,other,1
Shakespeare,other,1
Shakespeare bulletin,other,1
Shanlax International Journal of Economics,other,1
Shanlax International Journal of English,other,1
Sharia Agribusiness Journal,other,1
Shaw,other,1
Shodh Manjusha An International Multidisciplinary Journal,other,1
ShodhPatra: International Journal of Science and Humanities.,other,1
Short Fiction in Theory and Practice,other,1
Sibbaldia The International Journal Of Botanic Garden Horticulture,other,1
Siberian Herald of Agricultural Science,other,1
Sibirskiy filologicheskiy zhurnal,other,1
Significance,other,1
Singapore Management University Institutional Knowledge (InK) (Singapore Management University),other,1
Sir Syed Journal of Education & Social Research (SJESR),other,1
Sleep Medicine Reviews,other,1
Slovak Journal of Animal Science,other,1
Slovenian Journal of Public Health,other,1
Slovenský národopis,other,1
Slovyanskyy Zbirnyk,other,1
Small Axe A Caribbean Journal of Criticism,other,1
Small Ruminant Research,other,1
Smart Cities,other,1
Social Economics,other,1
Social Epistemology,other,1
Social Forces,other,1
Social History of Medicine,other,1
Social Inquiry into Well-Being,other,1
Social Science Quarterly,other,1
Social Sciences,other,1
Social Sciences & Humanity Research Review,other,1
Social Work With Groups,other,1
Social and Health Sciences,other,1
Societas et Ius,other,1
Societies,other,1
Society,other,1
Society and Animals,other,1
Socio-Environmental Systems Modeling,other,1
Sociological Journal,other,1
Sociology & Cultural Research Review,other,1
Sociology Mind,other,1
Sociology of Health & Illness,other,1
Soft Robotics,other,1
Sohag Medical Journal,other,1
Soil Systems,other,1
Soins,other,1
Solid State Technology,other,1
Solo Journal of Anesthesi Pain & Critical Care (SOJA),other,1
Solusi Bersama,other,1
Songklanakarin Journal of Management Sciences,other,1
Sosial Simbiosis,other,1
Souls,other,1
South African Historical Journal,other,1
South African Journal for Research in Sport Physical Education and Recreation,other,1
South African Journal of Business Management,other,1
South African Journal of Sports Medicine,other,1
South Asian Journal of Engineering and Technology,other,1
South Asian Journal of Experimental Biology,other,1
South Central Review,other,1
South Eastern European Journal of Public Health,other,1
South Florida Journal of Environmental and Animal Science,other,1
Southeast Asian Review of English,other,1
Southeastern geographer,other,1
Southwestern Entomologist,other,1
Sovremennye issledovaniya sotsialnykh problem,other,1
Space habitation.,other,1
Specimen,other,1
Spectrum of Decision Making and Applications.,other,1
Spektrum Jurnal Pendidikan Luar Sekolah (PLS),other,1
Sphota Jurnal Linguistik dan Sastra,other,1
Spine Deformity,other,1
Spor Bilimleri Araştırmaları Dergisi,other,1
Sport Ethics and Philosophy,other,1
Sport Social Work Journal,other,1
Sport in History,other,1
Sports Health A Multidisciplinary Approach,other,1
Sports Sciences and Physical Education Review,other,1
Sri Lanka Journal of Child Health,other,1
Sri Lankan Journal of Biology,other,1
Sri Lankan Journal of Sports and Exercise Medicine,other,1
Srinakharinwirot University Journal of Sciences and Technology,other,1
Standards in Genomic Sciences,other,1
State and regions Series Economics and Business,other,1
Stellenbosch Law Review = Stellenbosch Regstydskrif,other,1
Stereotactic and Functional Neurosurgery,other,1
Stress,other,1
Stress Biology,other,1
Structural Chemistry,other,1
Structural Heart,other,1
Structures,other,1
Student Research Journal,other,1
Student Research Proceedings,other,1
Studia Anglica Posnaniensia,other,1
Studia Ecologiae et Bioethicae,other,1
Studia Politicae Universitatis Silesiensis (Studia Politicae Universitatis Silesiensis),other,1
Studia Politologiczne,other,1
Studia Psychologica Theoria et praxis,other,1
Studia Slavica,other,1
Studia nad Autorytaryzmem i Totalitaryzmem,other,1
Studia z Filologii Polskiej i Słowiańskiej,other,1
Studia z Historii Filozofii,other,1
Studies An Irish Quarterly Review,other,1
Studies in American Indian Literatures,other,1
Studies in American Jewish Literature (1981-),other,1
Studies in American fiction,other,1
Studies in English Language Teaching,other,1
Studies in Indian Place Names,other,1
Studies in Linguistics and Literature,other,1
Studies in Media and Communication,other,1
Studies in Regional Science,other,1
Studies in Romanticism,other,1
Studies in Social Science & Humanities,other,1
Study of Religion,other,1
Suan Sunandha Science and Technology Journal,other,1
Sueksitalai Journal,other,1
Supportive Care in Cancer,other,1
Surgical Endoscopy,other,1
SustainE,other,1
Sustainability Agri Food and Environmental Research,other,1
Sustainable Computing Informatics and Systems,other,1
Sustainable Development Insights,other,1
Sustainable Forestry Collection,other,1
Sustainable materials and technologies,other,1
Sutasoma Jurnal Sastra Jawa,other,1
Swara Bhumi,other,1
Swinburne figshare (Swinburne University of Technology),other,1
Synopsis Text Context Media,other,1
Syntax Idea,other,1
Syntax Literate Jurnal Ilmiah Indonesia,other,1
Syracuse University Libraries (Syracuse University),other,1
Systematic Biology,other,1
Systematic Entomology,other,1
Systematics and Biodiversity,other,1
Sínteses: Revista Eletrônica do SIMTEC,other,1
TAM Akademi Dergisi,other,1
TAP CHI SINH HOC,other,1
TARSIUS Jurnal Pengabdian Tarbiyah Religius Inovatif Edukatif & Humanis,other,1
TASAMBO JOURNAL OF LANGUAGE LITERATURE AND CULTURE,other,1
TEPIAN,other,1
TEXT,other,1
TEXTILE,other,1
TEXTURE Art and Culture Journal,other,1
THE ACADEMIA,other,1
THE GENESIS,other,1
THE JOURNAL OF DOKDO,other,1
THE LAW AND THE BUSINESS IN THE CONTEMPORARY SOCIETY,other,1
THE SCIENTIFIC ISSUES OF TERNOPIL VOLODYMYR HNATIUK NATIONAL PEDAGOGICAL UNIVERSITY SERIES GEOGRAPHY,other,1
"THE SPARK ""A HEC Recognized Journal",other,1
TMG Journal for Media History,other,1
TOBA Journal of Tourism Hospitality and Destination,other,1
TOFEDU The Future of Education Journal,other,1
TRANSFORMASI JURNAL PENGABDIAN PADA MASYARAKAT,other,1
TRIKONOMIKA,other,1
TSBS Bildiriler Dergisi,other,1
TSQ Transgender Studies Quarterly,other,1
TURKISH JOURNAL OF ZOOLOGY,other,1
Talanta,other,1
Tamaddun nuri.,other,1
Tamilmanam International Research Journal of Tamil Studies,other,1
Tamkang University Institutional Repository (TKUIR),other,1
Tanta Scientific Nursing Journal,other,1
Tarım Bilimleri Dergisi,other,1
Tautosakos darbai,other,1
Taxon,other,1
Ta’wiluna Jurnal Ilmu Al-Qur an Tafsir dan Pemikiran Islam,other,1
Teachers and curriculum,other,1
Technical Sciences,other,1
Technoetic Arts,other,1
Technology in Society,other,1
Tehnicki vjesnik - Technical Gazette,other,1
Tekstilec,other,1
Telangana journal of IMA.,other,1
Television & New Media,other,1
Tempo,other,1
Teologie şi educaţie la Dunărea de Jos,other,1
Texas Educator Preparation,other,1
Texas Heart Institute Journal,other,1
Texas Journal of Science,other,1
Texila international journal of public health,other,1
Textual Practice,other,1
The AMA Journal of Ethic,other,1
The American Indian Quarterly,other,1
The American Journal of Human Genetics,other,1
The American Journal of Philology,other,1
The American Naturalist,other,1
The Annals of Thoracic Surgery,other,1
The Art and Science of Television,other,1
The Australian Journal of Language and Literacy,other,1
The B E Journal of Macroeconomics,other,1
The Biophysicist,other,1
The Bovine Practitioner,other,1
The Brazilian Journal of Infectious Diseases,other,1
The British Journal of Psychiatry,other,1
The Bulletin of Legal Medicine,other,1
The Business & Management Review,other,1
The Cambridge Journal of Postcolonial Literary Inquiry,other,1
The Canadian Entomologist,other,1
The Canadian Journal of Indigenous Studies,other,1
The Cerebellum,other,1
The Chaucer Review,other,1
The Classical World,other,1
The Computer Journal,other,1
The Conradian : the Journal of the Joseph Conrad Society,other,1
The Cormac McCarthy Journal,other,1
The Creative Launcher,other,1
The Criterion An International Journal in English,other,1
The Criticism and Theory Society of Korea,other,1
The Deakin Review of Children s Literature,other,1
The Digital Scholar Philosopher s Lab,other,1
The Economic History Review,other,1
The Educator Journal,other,1
The Egyptian Journal of Aquatic Research,other,1
The Egyptian Journal of Forensic Sciences and Applied Toxicology,other,1
The Egyptian Journal of Hospital Medicine,other,1
The European Physical Journal Special Topics,other,1
The European Research Journal,other,1
The European Zoological Journal,other,1
The F Scott Fitzgerald Review,other,1
The Fine and Applied Arts Journal,other,1
The Future of Children,other,1
The German Quarterly,other,1
The Gerontologist,other,1
The Golden Teak : Humanity and Social Science Journal,other,1
The Good Society,other,1
The Great Lakes Entomologist,other,1
The Grove - Working Papers on English Studies,other,1
The Habitat,other,1
The Healer Journal of Physiotherapy and Rehabilitation Sciences,other,1
The Indian Journal of Agricultural Sciences,other,1
The Indian Journal of Animal Sciences,other,1
The International Islamic University Malaysia Repository (The International Islamic University Malaysia),other,1
The International Journal of Artificial Organs,other,1
The International Journal of Arts Education,other,1
The International Journal of Education Management and Sociology,other,1
The International Journal of Humanities & Social Studies,other,1
The International Journal of Life Cycle Assessment,other,1
The International Journal of Maritime Engineering,other,1
The International Journal of Psychoanalysis,other,1
The International Journal of Science & Technoledge,other,1
The International Journal of Social Sustainability in Economic Social and Cultural Context,other,1
The International Journal of Visual Design,other,1
The International Sports Law Journal,other,1
The International Trade Journal,other,1
The Japanese journal of psychology,other,1
The Journal for Nurse Practitioners,other,1
The Journal of Almaty Technological University,other,1
The Journal of Applied Laboratory Medicine,other,1
The Journal of Art Historiography,other,1
The Journal of Association of Chest Physicians,other,1
The Journal of Basic and Applied Zoology,other,1
The Journal of Clinical Endocrinology & Metabolism,other,1
The Journal of Community Health Management,other,1
The Journal of Dermatology,other,1
The Journal of Genetic Psychology,other,1
The Journal of Heart and Lung Transplantation,other,1
The Journal of Indonesia Sustainable Development Planning,other,1
The Journal of Macrodynamic Analysis (Memorial University of Newfoundland),other,1
The Journal of Medical Investigation,other,1
The Journal of Medieval Religious Cultures,other,1
The Journal of Modern History,other,1
The Journal of Modern Periodical Studies,other,1
The Journal of Nietzsche Studies,other,1
The Journal of Nutrition and Food Sciences,other,1
The Journal of Obstetrics and Gynecology of India,other,1
The Journal of Open Source Software,other,1
The Journal of Pan-African Studies,other,1
The Journal of Peasant Studies,other,1
The Journal of Popular Culture,other,1
The Journal of Prevention of Alzheimer s Disease,other,1
The Journal of Rheumatology,other,1
The Journal of Rural Health,other,1
The Journal of Social Sciences Research,other,1
The Journal of Speculative Philosophy,other,1
The Journal of Strength and Conditioning Research,other,1
The Journal of Supercomputing,other,1
The Journal of Theological Studies,other,1
The Journal of the Acoustical Society of America,other,1
The Journal of the American Dental Association,other,1
The Journal of the Civil War Era,other,1
The Journal of the International Union of Prehistoric and Protohistoric Sciences,other,1
The Journal of the Midwest Modern Language Association,other,1
The Knee,other,1
The Knowledge Bank (The Ohio State University),other,1
The Korea Association of English Reading Education,other,1
The Korean Data Analysis Society,other,1
The Korean Language in America,other,1
The Korean Society of Culture and Convergence,other,1
The Korean Society of Human and Nature,other,1
The Lancet Diabetes & Endocrinology,other,1
The Lancet Regional Health - Americas,other,1
The Lancet Regional Health - Western Pacific,other,1
The Langston Hughes Review,other,1
The Laryngoscope,other,1
The Mark Twain Annual,other,1
The Mirror - Undergraduate History Journal,other,1
The Morningside Review,other,1
The Moving Image The Journal of the Association of Moving Image Archivists,other,1
The NIKé Journal,other,1
The Natural Products Journal,other,1
The Neurohospitalist,other,1
The New Bioethics,other,1
The New Indian Journal of OBGYN,other,1
The Nigerian Health Journal,other,1
The Nigerian Journal of Rural Extension and Development,other,1
The Open Public Health Journal,other,1
The Papua New Guinea Journal of Agriculture Forestry and Fisheries,other,1
The Philippine Agricultural Scientist,other,1
The Philosophers Magazine,other,1
The Philosophical Quarterly,other,1
The Physician and Sportsmedicine,other,1
The Plant Cell,other,1
The Plant Journal,other,1
The Polish Journal of Aesthetics,other,1
The Political Quarterly,other,1
The Problems of Contemporary Literary Studies,other,1
The Professional Medical Journal,other,1
The Quarterly Review of Biology,other,1
The Rangeland Journal,other,1
The Rehabilitation Journal,other,1
The Research Probe,other,1
The Review of Economic Studies,other,1
The Review of Politics,other,1
The Russian Review,other,1
The Scandinavian Psychoanalytic Review,other,1
The Scientific Issues of Ternopil National Pedagogical Volodymyr Hnatiuk University Specialization Art Studies,other,1
The Seventeenth Century,other,1
The Spanish Journal of Psychology,other,1
The Spine Journal,other,1
The Sport Psychologist,other,1
The Supreme Court Review,other,1
The Veterinary Journal,other,1
The Veterinary Nurse,other,1
The Wellsian: The Journal of the H.G. Wells Society,other,1
The Wordsworth Circle,other,1
The Yearbook of English Studies,other,1
The holistic approach to environment,other,1
Theatre and Performance Notes and Counternotes,other,1
Theatre history studies,other,1
Thematic Journal of Applied Sciences,other,1
Theology and praxis,other,1
Theoretical and Applied Climatology,other,1
Theoretical and Applied Veterinary Medicine,other,1
Theoretical and Natural Science,other,1
Theory & Event,other,1
Theory and practice of meat processing,other,1
Theriogenology,other,1
Think,other,1
Think India Journal,other,1
Thoughts,other,1
Thrombosis and Haemostasis,other,1
ThufuLA Jurnal Inovasi Pendidikan Guru Raudhatul Athfal,other,1
Théologiques,other,1
Tibuana,other,1
Tikrit Journal of Pure Science,other,1
Tintamas.,other,1
Tissue Engineering Part C Methods,other,1
Tomsk Journal of Linguistics and Anthropology,other,1
Topics in Cognitive Science,other,1
Tourism Geographies,other,1
Tourism Management and Technology Economy,other,1
Tourism and Hospitality,other,1
Toxicological Sciences,other,1
Toxicology International,other,1
Toxicology Reports,other,1
Transactions of the Charles S Peirce Society,other,1
Transactions on Emerging Telecommunications Technologies,other,1
Transcr(é)ation,other,1
Transcultural Journal of Humanities and Social Sciences/Transcultural Journal of Humanities and Social Sciences ,other,1
Transformatif Jurnal Pengabdian Masyarakat,other,1
Transformative Works and Cultures,other,1
Translational Animal Science,other,1
Transplantation Proceedings,other,1
Transportation Research Record Journal of the Transportation Research Board,other,1
Transpositiones,other,1
Trauma,other,1
Trauma Surgery & Acute Care Open,other,1
Treballs de la Societat Catalana de Biologia,other,1
Trending Jurnal Manajemen dan Ekonomi,other,1
Trends in Biochemical Sciences,other,1
Trends in Ecological and Indoor Environmental Engineering,other,1
Trends in Parasitology,other,1
Trends in Pharmacology and Toxicology,other,1
Tropical Doctor,other,1
Tropical Medicine and Health,other,1
Tropical Plant Pathology,other,1
Tropical biomedicine,other,1
Trudy VNIRO,other,1
Tula Scientific Bulletin History Linguistics,other,1
Turkish Journal Of Neurology,other,1
Turkish Journal of Bioscience and Collections,other,1
Turkish Journal of Computer and Mathematics Education (TURCOMAT),other,1
Turkish Journal of Fisheries and Aquatic Sciences,other,1
Turkish Journal of Mathematics and Computer Science,other,1
Turkish Thoracic Journal,other,1
Türk doğa ve fen dergisi :/Türk doğa ve fen dergisi,other,1
Twejer,other,1
Twentieth-Century China,other,1
Tydskrif vir Geesteswetenskappe,other,1
Tópicos Revista de Filosofía,other,1
"Tārīkh-i pizishkī i.e., Medical History",other,1
Tạp chí Khoa học Lâm nghiệp,other,1
Tạp chí Khoa học Trường Đại học Mở Hà Nội,other,1
Tạp chí Y học lâm sàng Bệnh viện Trung Ương Huế,other,1
UCL Discovery (University College London),other,1
UKRAINIAN JOURNAL HEALTH OF WOMAN,other,1
ULIL ALBAB Jurnal Ilmiah Multidisiplin,other,1
ULUL ALBAB Jurnal Studi Islam,other,1
UMS Library Center of Academic Activities (Universitas Surakarta),other,1
"UNCLLE (Undergraduate Conference on Language, Literature, and Culture)",other,1
UNISANTA. BioScience,other,1
UNM Environmental Journals,other,1
UNM’s Digital Repository (University of New Mexico),other,1
UWE Research Repository (UWE Bristol),other,1
Ukraine Cultural Heritage National Identity Statehood,other,1
Ukrainian Interventional Neuroradiology and Surgery,other,1
Ukrainian Journal of Applied Economics and Technology,other,1
Ukrainian Journal of Modern Toxicological Aspects,other,1
Ukrainian journal of veterinary sciences,other,1
Ultrasonics Sonochemistry,other,1
Uluslararasi Kibris Universitesi Fen-Edebiyat Fakultesi,other,1
Umm Al-Qura University for Social Sciences,other,1
Umsida Repository (Universitas Muhammadiyah Sidoarjo),other,1
Undergraduate Research,other,1
Undergraduate Research Journal,other,1
Unisanta Law and Social Science,other,1
UnitusOpen (Tuscia University),other,1
Universal Journal of Public Health,other,1
Universal Research Reports,other,1
Universitas Scientiarum,other,1
Universiti Putra Malaysia Institutional Repository (Universiti Putra Malaysia),other,1
University of Birmingham Research Portal (University of Birmingham),other,1
University of Bucharest Review Literary and Cultural Studies Series,other,1
University of Chitral Journal of Linguistics and Literature,other,1
University of Groningen research database (University of Groningen / Centre for Information Technology),other,1
University of Oklahoma College of Law - Digital Commons (University of Oklahoma),other,1
University of Southern Denmark Research Portal (University of Southern Denmark),other,1
University of Southern Queensland research data collection,other,1
University of Zagreb University Computing Centre (SRCE),other,1
Università degli Studi di Milano,other,1
Universitätsbibliothek Gießen,other,1
Universitätsbibliothek Tübingen,other,1
Uniwersytet Wrocławski,other,1
UpSpace Institutional Repository (University of Pretoria),other,1
Urban Studies,other,1
Utrecht University Repository (Utrecht University),other,1
VARIANCE Journal of Statistics and Its Applications,other,1
VIGOR JURNAL ILMU PERTANIAN TROPIKA DAN SUBTROPIKA,other,1
VIMS Health Science Journal,other,1
VOICES AND VISIONS: Journal of Humanities and Social Sciences,other,1
Vaccine,other,1
Vaccines,other,1
Value in Health,other,1
Vanderbilt law review,other,1
Vegetos,other,1
Veredas do Direito Direito Ambiental e Desenvolvimento Sustentável,other,1
Verse Veison,other,1
Vestnik APK Verhnevolzh`ia,other,1
Vestnik Volgogradskogo gosudarstvennogo universiteta Serija 2 Jazykoznanije,other,1
Vestnik of Minin University,other,1
Vestnik of North-Eastern Federal University History Political Science Law,other,1
Vestnik of Northern (Arctic) Federal University Series Humanitarian and Social Sciences,other,1
Vestnik of the Mari State University,other,1
Vestnik slavianskikh kul’tur [Bulletin of Slavic Cultures],other,1
Veterinaria Kubani,other,1
Veterinaria México OA,other,1
Veterinaria italiana,other,1
Veterinariya Zootekhniya i Biotekhnologiya,other,1
Veterinary Anaesthesia and Analgesia,other,1
Veterinary Immunology and Immunopathology,other,1
Veterinary Integrative Sciences,other,1
Veterinary Medicine and Science,other,1
Veterinary Microbiology,other,1
Veterinary Nursing Journal,other,1
Veterinary Research Communications,other,1
Veterinary Science Today,other,1
Victorian Literature and Culture,other,1
Victorian Studies,other,1
Victorian periodicals review,other,1
Vidhyayana,other,1
Vietnam Academy of Social Sciences s VSSR,other,1
Vietnam Journal of Marine Science and Technology,other,1
Virologica Sinica,other,1
Virology,other,1
Virulence,other,1
Virus Research,other,1
VirusDisease,other,1
Vision Research,other,1
Visitor Studies,other,1
Visnyk of Zaporizhzhya National University Physical education and Sports,other,1
Visual Anthropology,other,1
Visualita Jurnal Online Desain Komunikasi Visual,other,1
Vitalitas Medis : Jurnal Kesehatan Dan Kedokteran,other,1
Vlaams Diergeneeskundig Tijdschrift,other,1
Voice of Culture,other,1
Voprosy dietologii,other,1
Vostokovedenie i Afrikanistika,other,1
WSEAS TRANSACTIONS ON ENVIRONMENT AND DEVELOPMENT,other,1
Waikato journal of education,other,1
Waka Kuaka | The Journal of the Polynesian Society,other,1
Water Air & Soil Pollution,other,1
Water Environment Research,other,1
Water History,other,1
Weather Climate and Society,other,1
"Web of Medicine: Journal of Medicine, Practice and Nursing",other,1
Web of Synergy: International Interdisciplinary Research Journal,other,1
Well-Being Sciences Review,other,1
Wellesley College Digital RepositoryWellesley (Wellesley College),other,1
West African Journal of Allied Health Sciences,other,1
Western CEDAR (Western Washington University),other,1
Western civilization,other,1
WestminsterResearch (University of Westminster),other,1
Wetlands,other,1
Wetlands Ecology and Management,other,1
Wicazo Sa Review,other,1
Wiener klinische Wochenschrift,other,1
Wiley Interdisciplinary Reviews Climate Change,other,1
Wittgenstein-Studien,other,1
Women & music,other,1
Women and Birth,other,1
Women s Studies International Forum,other,1
Women s Writing,other,1
Women's studies quarterly,other,1
World Development,other,1
World Food Policy,other,1
World Futures,other,1
World Futures Review,other,1
World Journal of Biology Pharmacy and Health Sciences,other,1
World Journal of Clinical Pediatrics,other,1
World Journal of Emergency Medicine,other,1
World Journal of Engineering and Technology,other,1
World Journal of English Language,other,1
World Journal of Environmental Biosciences,other,1
World Journal of Microbiology and Biotechnology,other,1
World Journal of Pharmaceutical Sciences,other,1
World Journal of Traditional Chinese Medicine,other,1
World Nutrition,other,1
World Policy Journal,other,1
World of Medicine : Journal of Biomedical Sciences,other,1
World of Science Series Sociology Philology Cultural Studies,other,1
World of Science: Journal on Modern Research Methodologies,other,1
World s Veterinary Journal,other,1
Writers in Conversation,other,1
WritingThreeSixty,other,1
Wschodnioznawstwo,other,1
Xplore Journal of Statistics,other,1
"YANGI O‘ZBEKISTON, YANGI TADQIQOTLAR JURNALI",other,1
Yeni Türk edebiyatı araştırmaları/Yeni Türk edebiyatı araştırmaları,other,1
Youth,other,1
Yugoslav journal of operations research,other,1
Yādgār.,other,1
ZANCO Journal of Pure and Applied Sciences,other,1
Zagazig University Medical Journal,other,1
Zarządzanie Mediami,other,1
Zbornik radova Filozofskog fakulteta u Pristini,other,1
Zebrafish,other,1
Zeitschrift für Arbeitswissenschaft,other,1
Zeitschrift für Rheumatologie,other,1
Zemdirbyste-Agriculture,other,1
Zeszyty Naukowe Gdańskiej Szkoły Wyższej,other,1
Zeszyty Naukowe Uniwersytetu Rzeszowskiego Seria Prawnicza Prawo,other,1
Zeszyty Naukowe Wyższej Skoły Ekonomiczno-Społecznej w Ostrołęce/Zeszyty Naukowe,other,1
Zeszyty Prawnicze,other,1
Zeszyty Prawnicze Biura Analiz Sejmowych,other,1
Zhongguo xiaoer jijiu yixue,other,1
Zhonghua laonian yixue zazhi,other,1
Zhytomyr Ivan Franko State University Journal Рedagogical Sciences,other,1
Zoo botanica.,other,1
ZooKeys,other,1
Zoological Journal of the Linnean Society,other,1
Zoologischer Anzeiger,other,1
Zoonoses and Public Health,other,1
Zoonotic Diseases,other,1
Zorig Melong.,other,1
Zurich Open Repository and Archive (University of Zurich),other,1
Zygon®,other,1
boundary 2,other,1
coou African Journal of Environmental Research,other,1
de Jure Jurnal Ilmiah Ilmu Hukum,other,1
differences,other,1
e-Journal BUDIDAYA PERAIRAN,other,1
e-Jurnal Rekayasa dan Teknologi Budidaya Perairan,other,1
eCommons - AKU (Aga Khan University),other,1
eYLS (Yale Law School),other,1
eco mont (Journal on Protected Mountain Areas Research),other,1
genesis Literature & Art Magazine,other,1
heiDOK (Heidelberg University),other,1
i-manager s Journal on Information Technology,other,1
iForest - Biogeosciences and Forestry,other,1
iMeta,other,1
lnternational Electronic Journal of Elementary Education,other,1
logos,other,1
mezurashii,other,1
npj Entomology,other,1
npj Science of Food,other,1
npj Urban Sustainability,other,1
npj Vaccines,other,1
psicología desde el caribe,other,1
sareer-a-khama (صریرخامہ ),other,1
scholarworks - UTEP (The University of Texas at El Paso),other,1
touchREVIEWS in RMD,other,1
Die Erde,other,1
La Clinica terapeutica,other,1
La corónica/La Corónica,other,1
The  Romanian Journal of Nutrition.,other,1
The Bioscan.,other,1
The CEA critic/CEA critic,other,1
The Catholic historical review,other,1
The Comparatist/Comparatist,other,1
The Hemingway review,other,1
The Indian journal of veterinary sciences and biotechnology,other,1
The Journal of developing areas,other,1
The Journal of zoo and aquarium research,other,1
The Lancet. Gastroenterology & hepatology,other,1
The Mississippi quarterly,other,1
The North Dakota quarterly,other,1
The Register - Kentucky Historical Society/The register of the Kentucky Historical Society,other,1
The Social Science Review a Multidisciplinary Journal.,other,1
The journal of Korean studies,other,1
The regional tribune.,other,1
«Вестник Атырауского университета имени Халела Досмухамедова»,other,1
Èkoènergetika.,other,1
Österreichische Gesellschaft für Entomofaunistik (OEGEF),other,1
İnönü University International Journal of Social Sciences (INIJOSS),other,1
Інфекційні хвороби,other,1
Агора Журнал соціальних наук,other,1
Батыс Қазақстан инновациялық-технологиялық университетінің Хабаршысы,other,1
Бюллетень Калмыцкого научного центра Российской академии наук,other,1
Вестник Костромского государственного университета им. Н.А. Некрасова,other,1
Вестник Московского городского педагогического университета.,other,1
Вестник Оренбургского государственного университета,other,1
Вестник Пермского университета. Российская и зарубежная филология,other,1
Вестник Поволжского государственного технологического университета. Серия: Лес. Экология. Природопользование,other,1
Вестник Российского университета дружбы народов. Серия: Психология и педагогика,other,1
Вестник Санкт-Петербургского университета. Серия 2. История,other,1
Вестник Томского государственного педагогического университета,other,1
Вестник Томского государственного университета. Биология,other,1
Вестник Череповецкого государственного университета,other,1
Вестник гуманитарного образования,other,1
Волинь філологічна текст і контекст,other,1
Вопросы когнитивной лингвистики,other,1
Вопросы современной педиатрии,other,1
"Восстановительные биотехнологии, профилактическая, цифровая и предиктивная медицина.",other,1
Вісник Житомирського державного університету імені Івана Франка Філологічні науки,other,1
Вісник Львівського університету Серія історична / Visnyk of the Lviv University Historical Series,other,1
Вісник Полтавської державної аграрної академії,other,1
Вісник науки та освіти,other,1
Дерматовенерология Косметология,other,1
Журнал Прикарпатського національного університету імені Василя Стефаника Філологія,other,1
Лечащий врач,other,1
Медиалог,other,1
Мова Література Фольклор,other,1
Молодий вчений,other,1
НАУЧНЫЙ ЖУРНАЛ СОВРЕМЕННЫЕ ЛИНГВИСТИЧЕСКИЕ И МЕТОДИКО-ДИДАКТИЧЕСКИЕ ИССЛЕДОВАНИЯ,other,1
Науковий вісник Київського національного університету театру кіно і телебачення імені І К Карпенка-Карого,other,1
Науковий вісник НЛТУ України,other,1
Нива Поволжья,other,1
Новые российские гуманитарные исследования,other,1
Общество философия история культура,other,1
Оториноларингология Восточная Европа,other,1
Перспективи та інновації науки,other,1
Рецепт,other,1
Русистика и компаративистика.,other,1
Северо-Восточный гуманитарный вестник,other,1
Современное право.,other,1
Университетский научный журнал,other,1
Ученые записки Института психологи РАН,other,1
Фармакология & Фармакотерапия,other,1
Филология научные исследования,other,1
Финно-угорский мир,other,1
Філологічні студії Науковий вісник Криворізького державного педагогічного університету,other,1
Філософія та політологія в контексті сучасної культури,other,1
Человек и культура,other,1
ШИХИХУТУГ СЭТГҮҮЛ,other,1
Эпосоведение,other,1
Құтты білік,other,1
التصميم الدولية,other,1
مجــلة کلیة اللغة العربیة بأســیوط,other,1
مجلة الاقتصاد المنزلي,other,1
مجلة البحوث التطبيقية في العلوم والإنسانيات,other,1
مجلة البحوث الفقهية والقانونية,other,1
مجلة العلوم الإنسانية و الإجتماعية,other,1
مجلة کلیة التربیة فى العلوم الإنسانیة و الأدبیة,other,1
مجلة کلیة اللغة العربیة بالمنصورة,other,1
مجلَّة إبداع في الآداب والدراسات الإنسانيّة والاجتماعيّة,other,1
پویایی روانشناختی در اختلال‌های خلقی.,other,1
วารสารวิจัยและพัฒนาผลิตภัณฑ์อาหาร,other,1
วารสารศิลปศาสตร์ มหาวิทยาลัยรังสิต,other,1
๋Journal of Wisdom in Political Science and Multidisciplinary Sciences,other,1
ວາລະສານ ວິທະຍາສາດກະສິກຳ ເຕັກໂນໂລຊີ ແລະ ການພັດທະນາ,other,1
中国医师杂志,other,1
动物学研究,other,1
国际化教育科学与理论,other,1
成功大學中國文學系學位論文,other,1
第六屆亞洲健康識能國際會議,other,1
脳神経外科速報,other,1
自然资源学报,other,1
農村計画学会誌,other,1
공법연구,other,1
구비문학연구,other,1
국제어문,other,1
문화정책논총,other,1
미국학논집,other,1
부동산학보,other,1
식품과학과 산업 = Food science and industry,other,1
연극교육연구,other,1
영미문학교육,other,1
외식경영연구,other,1
인문과학연구논총,other,1
인문학 연구,other,1
일본어교육,other,1
중국어문논총,other,1
중국학논총,other,1
코기토,other,1
한국가축위생학회지 (KOJVS),other,1
한국시학회 학술대회 논문집,other,1
한국실내디자인학회 논문집,other,1
한국이슬람학회 논총,other,1
현대영미소설,other,1
