id,year,title,institutions
W7149220760,2026,Foundations of Cognition: Loosely Coupled Oscillators as Correlates of Affective States Within the Central Complex of the Fruit-fly (Drosophila melanogaster),
W4315480694,2023,Fly in the coop : How black soldier fly larvae improve broiler and pig welfare,Wageningen University & Research
W7105900510,2025,Flower choices and cognitive biases in bumblebees: bee-yond rationality,
W2943015519,2017,Influence of Hormonal State on Behavioral Plasticity in the Fruit Fly Drosophila melanogaster,
W7112410721,2018,Spiritual well-being and happines in institutionalized elderly,
W7114935408,2025,"Sustainability of Hermetia illucens in swine production: an innovative approach considering bioconversion efficiency, larvae and piglet welfare, and meat quality",
W7120738312,2023,Bioacoustic patterns as accurate identifiers of queen bee presence in hives of stingless and honey bees,
W2981348403,2019,Characterisation of neurodevelopmental disorder and ageing phenotypes in transgenic mouse and fruit fly models of Neurexin1 dysfunction,
W2898306647,2018,Beneficial microorganisms for honey bees health,
W4200159233,2020,Bee Positive: Design for Awareness,
W3046250768,2020,Engineering the gut microbiome of honey bees,
W4200567474,2020,Bee Positive: Design for Awareness,
W2970267419,2019,"Local and Landscape Drivers of Biodiversity, Ecosystem Services, and Human Well-being in Urban Agroecosystems",
W7135485824,2023,Aesthetic and emotional evaluation of butterflies and moths (Lepidoptera) and its implications,
W2889269489,2018,Should we care about the existence and well-being of future generations? An inquiry into the non-identity problem,
W2478122805,2016,Being with bees: An anthropological study of human-animal relations in southern beekeeping,University of Southern Mississippi
W7155750170,2023,"Essays in Parental Migration, Children's Wellbeing, and Labor Economics",
W7133440653,2023,"Identification of the Agroecological Conditions that Promote the Welfare of Apis Melifera Bees of the Apiary Valle Beraka in the Macanas Village in the Municipality of Suaita, Santander*",
W2794792403,2017,Affective and Cognitive Responses to Insects and Other Arthropods,
W7115889194,2021,Sleep-control circuits in Drosophila melanogaster,
W4254170036,2018,An attempted transinfection of Wolbachia in the Western honey bee (Apis mellifera),
W2990575593,2020,Three Essays on Child Wellbeing in Developing Countries,University of North Carolina at Chapel Hill
W2906683249,2018,An attempted transinfection of Wolbachia in the Western honey bee (Apis mellifera),Victoria University of Wellington
W7129020872,2025,"Action, valence, dopamine - Drosophila as a study case",
W3128164708,2019,"(Bee)coming Revolution: an environmental study with local beekeepers in Rio Grande do Sul, Brazil",
W7112465310,2025,Mechanisms of Sleep Regulation in Drosophila melanogaster,
W2919038814,2018,"Bidirectional communication between the brain and gut microbiota in Shudderer, a Drosophila Nav channel mutant",
W3009223114,2019,"‘Seeds of the Braced Bow’ (The Flower, the Seed and the Bee)",
W2894841635,2018,"Sexual Deprivation, Emotion, and Longevity: Neuropeptidergic Regulation of Aging in Drosophila",
W4391885443,2022,"Toxicological assessments of lethal and sublethal effects caused by exposure to agrochemicals in stingless bees (APIDAE, Meliponini)",
W2562966698,2016,Molecular and Whole Circuit Dynamics of Drosophila Clockwork and Light Integration,
W2922073606,2018,Mechanisms of sleep and general anaesthesia in Drosophila melanogaster: the unresponsive brain,
W2946026072,2019,The effects of the general anaesthetic propofol on Drosophila larvae,
W2563528260,2016,"Bulldog mothers, rabid worker-bees, and white ravens: women's gender dissent in late Soviet Russia",
W3198061808,2021,Measures of functional brain connectivity during sleep and general anaesthesia in Drosophila,
W2971858027,2018,Identifying a common cause of the loser cell status in Drosophila melanogaster.,
W7124714403,2025,Impacts of Social Isolation on Behavior and Physiology in Drosophila melanogaster,
W4401970064,2024,RNA interference (RNAi) as a next-generation pest control for the honey bee parasite Varroa destructor,
W3014587583,2019,Elucidating the non-apoptotic role of the caspases in the Drosophila intestinal system,
W3046577666,2020,"The impact of socio-economic status, life history, and biological sex on affective empathy in adults",Fort Hays State University
W7120497299,2017,Agroecological viability of styrofoam box to colonies of africanized Apis mellifera bees by the monitoring of environmental variables,
W2800797020,2017,Behavioral and physiological effects of oxidative stress throughout the lifecycle of Drosophila sod1 mutants,
W7198708021,2021,"FROM HUMANS TO DANDELIONS, HIPPOS, AND COCKROACHES: WHAT DOES IT MEAN TO BE INVOLVED IN AFFECTIVE INTERCONNECTIONS OF THE KAZAKHSTANI ZOO ASSEMBLAGE?",
W7113699795,2018,Komponenten-Selektivität und Multistabilität in einem Orientierungsparadigma für \(Drosophila\) unter Verwendung inkohärenter Bewegungsreize,
W3047085083,2019,PENGARUH KOMPOSISI MEDIA BIAKAN AMPAS KELAPA(Cocos nucifera) dan AMPAS KUNYIT (Curcuma domestica)TERHADAP BOBOT serta KADAR PROTEINMAGGOT Hermetia illucens(Dikembangkan Menjadi Media Poster Untuk Siswa Kelas X SMKPeternakan),
W2801705309,2016,High Altitude Hearts: Genetic Basis of Cardiac Responses to Long-term Hypoxia Exposures in Drosophila,
W3094605601,2018,GENETIC VARIATION IN THE timeless GENE MEDIATES METABOLIC STATES OF Drosophila melanogaster IN RESPONSE TO PHOTOPERIOD,University of Toronto
W2989741346,2018,"Macroinvertebrates as ecological indicators of the wellbeing of the lower uMvoti and Thukela Rivers, KwaZulu-Natal, South Africa.",
W2898425433,2017,Analysis of the ABC transporter CG31731 in engulfment during programmed cell death in the Drosophila melanogaster ovary,
W4389420239,2023,Drosophila melanogaster primary cell cultures as tools for neurobiology: focusing on mitochondria and Alzheimer\'s disease,
W2948789290,2019,"""Isolate a honeybee from her sisters and she will soon die"" : Discussing sensitive issues in the Swedish EFL classroom based on Sue Monk Kidd's The Secret Life of Bees",
W7150879088,2021,Evaluating the impacts of pollinators decline on social welfare at different spatial scales : economic and nutritional aspects,Université Toulouse - Jean Jaurès
W7135555278,2023,Co-use of opioid analgesics with alcohol and/or benzodiazepines in patients with chronic non-cancer pain,
W2896931619,2018,"Low back pain and its association with the key lifestyle and anthropometric factors in adolescent females in Otago, New Zealand",
W7149221096,2025,Light and Larvae for Little Layers: Early-life strategies to improve welfare of laying hens on low-input and organic farms,
W7120733130,2022,"It made me nervous, it gave me butterflies in my stomach, yes: An investigation into the mobilization of affective strategies by English learners from IEMA Languages, during emergency remote classes, from the perspective of complexity",
W7128327873,2022,"Hmyzí moučka jako zdroj krmiv ve výživě okounovitých ryb, okouna říčního (Perca fluviatilis) a candáta obecného (Sander lucioperca)",
W2799433530,2017,THE GUT MICROBIOME ASSOCIATED TO HONEYBEES AND WASTE-REDUCING INSECTS,
W2767901060,2017,Emerging viral diseases of pollinating insects,
W4206153275,2017,Creating A Buzz,Victoria University of Wellington
W7135898754,2024,Comparison of the effect of different methods of obtaining viable females of the mite Varroa destructor on their viability,
W4206756413,2017,Creating A Buzz,Victoria University of Wellington
W7204618543,2025,"Impacts of Feed Additives on the Growth Performance, Nutrient Utilization and Gut Microbiome of Rainbow Trout (Oncorhynchus mykiss) Using In Vivo and In Vitro Trials",University of Guelph
W7160675726,2017,Becoming aware,
W3166169208,2020,"Prospecting the insect model, Galleria mellonella, for gut-related pathobiology",Swansea University
W7119341490,2017,"It's almost a cry for help when an adolescent commits a crime"": adolescent who commits an infraction for young adults from popular class. From the local to the global: the conceptions of environmental agents about the work, society and nature The impact of the Congenital Anomaly diagnosis: Coping and maternal emotional indicators Revision of Toechorychus Townes (Hymenoptera, Ichneumonidae, Cryptinae) “Then it is the hidden sky of nothingness”: nihilism and the poetry of Augusto dos Anjos Photosynthesis, growth and chemical composition in plants of Theobroma cacao L. subjected to different concentrations of potassium silicate and its interaction with insect-pests Imprisoned women: representing the prison universe Author, narrator and character: the Machado’s Aires various facets Evauation of allelophatic and mutagenics effects of extractives forms of Passiflora edulis Sims, through Allium cepa bioassay The Guarani people of Latin America and intercultural relations in virtual social media: use and ownership in the construction of cooperation networks Expectations of family members of alcoholics at different stages of treatment interventions at the Caps ad Anxiety and social-emotional competence of preschoolers: understanding the effects of an intervention program Living together with therapeutic residences: social conceptions, identity processes and intergroup relations Reinsertion at work: study of the phenomenon in a Federal Higher Education Institution The influence of the modality of graftage and integration of grafts and rootstocks in Theophroma cacao L. trees submitted to a cicle of hidric deficit Luck? Logic? Models de Signification and the notion of chance in adult students of Proeja. Effect of aluminum on physiological aspects of FB100 and FB200 varieties of passion fruit (Passiflora edulis Sims f. Flavicarpa) The experience of cohabitation in domestic and international adoptions: macrosystemic aspects and proximal processes Nas huellas de Valenzuela : marcas de resistência, memória e cicatriz da ditadura militar argentina na narrativa de Luisa Valenzuela The problem of vehicle driving after ingestion of alcoholic beverage: considerations about governmental actions A family man: social representations of paternity among young fathers and non-fathers Between the ""real"" and the ""virtual"": social representations of the internet for individuals of two generations Education in Moral Values in Primary Education: experiences and intervention with educators Compared phylogeography of endemic Atlantic forest anurans Dendropsophus elegans (Anura, Hylidae) and Chiasmocleis spp. (Anura, Microhylidae) Adapting to the Brazilian Culture: Well-being Correlates for Foreign Postgraduate Students Social Identity and Social Representations of rural and city in a rural comunitary context: Antinomous Field All I want is chocolate: a study about the importance of personal and contextual aspects on chocolate consumption A new stage: youth and entering experiences in high school education Assessment of conservation of discrete quantities of premature and full term pre-school children: an investigative study with the game of domino Cognitive, linguistics, academic and behavioral indicators of pré-school premature and full-term neonate´s children Psychosocial aspects of the condition of football fans Attentus: electronic instrument for psychological evaluation of attention in children 03-05 years old Medical students and their attitudes towards AIDS Conilon coffee responses to iron concentration ""Forever married"": a study about marriage and family according to the conception of both spouses of new pentecostal evangelic couples. Adolescents with Diabetes Mellitus Type 1: daily routine and coping Physiological responses of passion fruit tree (Passiflora edulis SIMS) to flooding Family Health professionals and social representations of alcoholism In the intricacies of narrative: memory three times in brazilian literature ""With whom will the children stay?"": social representations of child custody after marital separation The Teacher-Student Relationship and Bullying in Elementary Education Creativity in children with learning disability: assessment and intervention through traditional and assisted procedures Interannual and seasonal variability in the Copepoda community associated with the tidal cycles in a tropical estuary (Mucuri River, Brazil) Rape Myths and Legal (Im)Partiality: Perception of Law Students About Women Victims of Sexual Violence Leisure and free time experiencing: a study with young m",
W7112420920,2017,Sammelverhalten von Honigbienen in der Agrarlandschaft,
W3096847376,2020,The effects of light during incubation and the provision of food enrichment on stress responsivity and feather pecking in laying hens during rearing.,
W2518678265,2016,Diversity and resource choice of flower-visiting insects in relation to pollen nutritional quality and land use,
W7135962422,2018,Melissococcus plutonius causing European foulbrood,
W7139964353,2026,The Traditional Environmental Knowledge of Beekeepers,Aberystwyth University
W7163727782,2026,Shaping the optimal poultry gastrointestinal tract microbiome through dietary interventions to aid in achieving net zero emissions and sustainable poultry production systems,
W7116910367,2025,Dissecting the neuronal circuitry of the sleep homeostat,University of Oxford
W2994863896,2018,Emotions in Environmental Discourses - Analysing the Insect Decline in Germany,
W3124580054,2020,A comparison of the emotional characteristics of the violin and erhu on the butterfly lovers concerto,
W7164048477,2025,Exploring dimensions of consciousness in an insect brain,Université de Toulouse
W7119423819,2020,title.alternative,
W2951386480,2018,From Bloodsucker to Disease-carrier: Mosquito and Chinese Hygienic Modernity,
W2941201731,2019,Emotional Regulation Interventions for Adolescents,
W7217653477,2024,The impact of emotions on the success of invasive/pest animal management,
W4401157557,2024,Empathetic ethnography: Developing ecocentric art collaborations with other-than-human agents,
W7139934716,2026,Butterfly behaviour under natural and artificial illumination conditions,Aberystwyth University
W7147392878,2026,Evolutionary ecology of the small hive beetle,
W7135641924,2025,Heredity of insect bite hypersensitivity in horse,
W4401519834,2019,"Formigas como indicadores ambientais na recuperação e conservação das margens do rio Uberabinha, Uberlândia, MG.",
W1607930659,2022,Variations on Stigmergic Communication to Improve Artificial Intelligence and Biological Modeling,
W7135434119,2026,Connecting people to zoo and aquarium animals,
W3041407495,2019,Kan sagor göra små barn intresserade av myror? : Ett undervisningsförsök i biologi,
W7117278433,2025,Talent Management for Cricket Players and Business Strategies of the Bangladesh Cricket Board (BCB),
W7205526509,2026,Pollinators in a changing world: long term variations and pesticide pressure in agricultural systems,
W2780833172,2017,Revisión de estrategias de conservación de polinizadores aplicables al género bombus en el ecosistema de bosque alto andino en Colombia,
W2785484408,2017,Loving You Is Complicated: The Aesthetics of Personal and Political Tension in Kendrick Lamar's To Pimp A Butterfly,
W3021813745,2020,Citizen science and Lepidoptera biodiversity change in Great Britain,
W4411181346,2025,Bridging tradition and innovation : Evaluating protein digestibility and quality of edible insects and Soy-based foods using In vitro assays and a dual tracer method in humans,Wageningen University & Research
W2580867054,2016,"Combining malaria control with rural electrification : social and behavioural factors that influenced the design, use and sustainability of solar-powered mosquito trapping systems (SMoTS) for malaria elimination on Rusinga Island, western Kenya",Wageningen University & Research
W3013230854,2019,Insects as food and feed: A literature review,
W2895658492,2017,"Enhancing Small Scale Honey Processing Industries for Small Scale Producer Groups: A Case Study of Upendo Honey Producer Group, West Siha Ward in Siha District",
W4386916593,2022,Food- evoked emotions: comforting hints and psychophysics,Universidade Federal de Juiz de Fora;Universidade Federal de Viçosa
W3009368596,2020,Burrowing Through the Edifice: Viewing the Patterns of Woodboring Beetles as a Representation of the Chthulucene,
W7113547918,2025,Climate Change Impacts on Locusts in East Africa,
W2907160690,2019,"Occurrence and distribution of insecticide resistance in stable flies (Stomoxys calcitrans) on dairy farms in the Federal State of Brandenburg, Germany",
W7161053492,2024,Role of SSDP in Neurodevelopment and Autism-like Behaviors,
W7161061001,2024,Role of SSDP in Neurodevelopment and Autism-like Behaviors,
W3081952019,2020,Aquatic Biodiversity and Mosquito Ecology in Urban Wetlands,
W2797161477,2018,"Relación entre las prácticas familiares de estimulación temprana y el desarrollo afectivo en los niños y niñas de cinco años de la Institución Educativa del nivel inicial Nº 00958 del Caserío la Molina, distrito de Nueva Cajamarca en el año 2014.",
W2952489482,2018,"Growing together : encouraging emotional engagement with communal gardening : an exegesis presented in partial fulfilment of the requirements for the degree of Master of Design, Massey University, College of Creative Arts, Wellington, New Zealand",
W2973105761,2019,An Examination of Athlete Lifestyle Support for Elite Youth Cricketers on a National Development Programme,
W4285043885,2022,Butterfly diversity and land manager decision-making in critically endangered South African renosterveld,
W3187763207,2021,Cross-pollinating the evidence: A feasibility study into the therapeutic potential of beekeeping for adults with substance misuse issues.,
W2758296554,2016,Bugs After the Bomb: Insect Representations in Postatomic American Fiction and Film.,
W7198954715,2020,Development and integration of capacitive sensing and electrocuting grid for mosquitoes surveillance and control,Universiti of Malaysia Sabah
W2347074791,2016,"La estimulación temprana y su incidencia en el desarrollo socio-afectivo de los niños y niñas de preparatoria, primer grado de educación básica de la “Unidad Educativa Marista” del cantón Paltas, provincia de Loja. Periodo lectivo 2013-2014",
W7214592813,2026,"A Logical Argument from Absence Concerning the First-Person Structure of Consciousness The Brain, Agency, Free Will, Artificial Consciousness, and Qualia through Occam's Razor A Consciousness Puzzle by an Academic Outsider",
W2978332424,2018,Disentangling the net: The socio-ecological dynamics of mosquito net fishing,Imperial College London
W2889979971,2018,"Plastik Ve Doğal Balmumu Yüksüklerde Üretilen Arı Sütlerinin Mikrobiyal Yüklerinin, Protein İçeriklerinin Ve Antimikrobiyal Etkinliklerinin Araştırılması",
W7146481236,2025,New mosquito repellency bioassay for evaluation of repellents and pyrethroids using an attractive blood-feeding device,
W3043212025,2020,A comparative study of Afrikaner Economic Empowerment and Black Economic Empowerment : a case study of a former South African parastatal in Vanderbijlpark,
W2944710455,2019,The perception of broad-based Black economic empowerment (BBBEE) in Small and Medium enterprises,
W3097399104,2019,How Digital Transformation Changes Work Design : A Butterfly Emerging from its Chrysalis?,
W7217703750,2025,"Strategi Nafkah Rumah Tangga Petani Peramu Lebah Hutan Di Desa Cenrana Baru Kec. Cenrana = Household Livelihood Strategies of Forest Beekeeper Farmers in Cenrana Baru Village, Cenrana District",
W2998092625,2019,"The cockroach in the cupboard, the technical amputee and me : an auto-ethnographic narrative inquiry of adolescence and disability identity, storied by physically disabled women",
W2604338412,2016,Produkce a kvalita medu a biomedu,
W2606485100,2016,"Plant-mediated interactions between the potato cyst nematode, Globodera pallida, and the peach potato aphid, Myzus persicae",
W3206960723,2020,"Effect of climate change, drought, and insects on oak-pine forests in the Ozark highlands",
W7110651035,2025,"Peran Tim Pemberdayaan Kesejahteraan Keluarga (PKK) Dalam Pengelolaan Sampah Organik Melalui Inovasi Budidaya Maggot (Studi Di Kelurahan Rejomulyo Kecamatan Metro Selatan, Lampung)",
W2767418305,2016,Bio-Image Analysis for Understanding Plant Development and Mosquito Behaviors,
W2973207810,2019,Genetic population structure of the Scotch argus butterfly (Erebia aethiops) in Britain:implications for conservation and future reintroduction,
W7120527659,2021,Mosquito vectors (Diptera: Culicidae) in the brazilian semiarid region: bioecological and socio-epidemiological factors,
W2562741734,2016,"Equine insect bite hypersensitivity : Pathogenesis, diagnosis and immunomodulation",
W7152332189,2026,From land to water: circularity for the development of a zero-waste food supply chain,
W7120730804,2022,Diferenças individuais de comportamento em espécies sociais Um estudo multidisciplinar com camundongos e formigas,
W3192011707,2021,Causes and consequences of plasticity in parental and offspring behaviour in the burying beetle Nicrophorus vespilloides,
W4392280474,2022,Différences individuelles de comportement chez les espèces sociales : une étude multidisciplinaire avec des souris et des fourmis,Laboratoire d’Ethologie Expérimentale et Comparée
W7116101884,2025,"The Thurmondian Model of Consciousness: A Tripartite, Substrate-Agnostic Framework",
W7116051482,2025,"The Thurmondian Model of Consciousness: A Tripartite, Substrate-Agnostic Framework",
W7116444452,2025,"The Thurmondian Model of Consciousness: A Tripartite, Substrate-Agnostic Framework",
W7153673506,2026,The Impact of Climate Change on Mosquito-Borne Disease Distribution across the Global North and Global South : A Scoping Review,
W3126821498,2021,"Plant-pollinator interactions in semi-natural grasslands: Evaluation, monitoring and conservation",
W2612328392,2017,Environmental modelling and spatial ecology with focus on invasive Aedes mosquitoes and emergent mosquito-borne pathogens,
W7126546320,2023,Využití mobilní aplikace AWIN Horse ve vybraném chovu koní,
W7120821666,2019,Selectivity of entomopathogenic fungi and essential oils to Apis mellifera L. (Hymenoptera: Apidae),
W3027110053,2017,AStudy of nostalgic elements in the novel voluntary fire by mohammad Reza Bayrami,
W7199693788,2023,Food functionalities of insect proteins,
W7155659073,2024,Restoration and pollinator conservation: strategies for controlling invasive annual grasses on degraded tribal grasslands,
W7165449856,2026,"Blind Spots and Overlooked Structures in Consciousness Research — Repositioning IIT, Global Workspace Theory, Predictive Processing, the Free Energy Principle, Embodied Cognition, Higher-Order Theory, and Recurrent Processing Theory through the Convergence-Structure Hypothesis —",
W7165979249,2024,Development and testing of repellent formulation using Citrus aurantifolia fruit peel-synthesised silver nanoparticles as personal protection against mosquitoes,
W7165445979,2026,"Blind Spots and Overlooked Structures in Consciousness Research — Repositioning IIT, Global Workspace Theory, Predictive Processing, the Free Energy Principle, Embodied Cognition, Higher-Order Theory, and Recurrent Processing Theory through the Convergence-Structure Hypothesis —",
W7165450739,2026,"Blind Spots and Overlooked Structures in Consciousness Research — Repositioning IIT, Global Workspace Theory, Predictive Processing, the Free Energy Principle, Embodied Cognition, Higher-Order Theory, and Recurrent Processing Theory through the Convergence-Structure Hypothesis —",
W7119437166,2026,Exploring women’s views on intra-gender dynamics in the workplace: A study of impact and change,
W7133947822,2025,The Importance of the Early Years: Exploring the Lived Experiences of Parents and Home-start Gloucestershire's Early Intervention Services,
W2575222825,2016,Dissecting the roles of JNK/AP-1 signalling in the regulation of redox homeostasis within neurons,
W2277365650,2016,Insecticide Treated Nets as an Effective Malaria Control Strategy in Liberia,
W4281994264,2021,Evaluating US Consumers' Perception of Foods Made with Cricket Powder,Louisiana State University
W3198821764,2021,"Effects of Sensory Cues on Product Acceptability and Consumer Perceptions, Emotions, and Behavior",Louisiana State University
W2795853311,2018,Planning and optimisation of 4G/5G mobile networks and beyond,
W2765877085,2016,"Monitoramento e Controle de Simulídeos (Insecta: Diptera) no Sistema Único de Saúde - Biodiversidade, Diagnóstico Situacional em Três Regiões Brasileiras e Proposta de Estratégias de Ação",
W3199090973,2020,"Evaluating the influence of individual traits, emotions and information on consumer acceptance of entomophagy : a choice modelling experiment",Oxford Brookes University
W4283012663,2021,Consumers' Perception of Food Containing Insect Protein Affected by Serving Condition and Questionnaire Protocol,Louisiana State University
W7135719616,2024,Response to dangerous animals in Europe and Africa - attention and emotions,
W7127394450,2024,The use of insects as sustainable food ingredients: future perspectives and consumers’ preferences,
W7116104041,2025,"The Thurmondian Model of Consciousness: A Tripartite, Substrate-Agnostic Framework",
W7160716756,2026,PMD Pathway for Alternative Olfactory Mosquito Repellent,University of Virginia
W7120404120,2017,Associação entre bem-estar espiritual e doença arterial coronariana,
W3177208036,2021,오늘날 무대 예술연행주체의 위상에 나타난 변화: 국악분야 전문가를 대상으로 진단하기,
W62160252,2021,Trends in Human-wildlife Interactions as Related to Land Use and Human Density in Massachusetts,
W2910920004,2018,"Enhanced Distributed Space Systems with Miniature Spacecraft: Spatial Distribution, Collision Analysis and Cooperative Communication",
W7162541145,2026,Improving invasive ant surveillance.,
W7120322036,2020,Barreiras e drivers a adoção de tecnologias energeticamente eficientes no setor de edificações: um survey no Brasil,
W2590068996,2016,"Workloads of semi-professional cricket players, participating in three different match formats over a competitive season",
W2618698052,2017,"Suppression of Sexuality and Gender in Dystopias: George Orwell’s Nineteen Eighty-Four, Anthony Burgess’s The Wanting Seed and Iain Banks’s The Wasp Factory",
W2789145265,2018,Äitien pyrkimykset ja toimintamahdollisuuksien valikko : käsitteellinen tutkimus äitien taloudellisista toimintamahdollisuuksista,
W2910368084,2018,Utilising Representative Learning Design to Underpin the Measurement and Development of Cricket Batting Expertise,
W2579932959,2016,"Modelling the effect of Bt maize introduction on pest dynamics, insecticide use and economic returns to farmers",
W2586205831,2016,An investigation into the stressors and coping strategies for International cricketers.,
W2586688175,2016,"Miasmas, mosquitoes, and microscopes: parasitology and the British literary imagination, 1885-1935",
W2735741100,2017,The Bee's Knees or Spines of a Spider: What Makes an 'Insect' Interesting?,
W2884115251,2017,Madame Butterfly and men of empire: stereotyping and trauma in 20th century novels,
W2737296332,2017,The Role of Prickle 1 in determining the Craniofacial Morphology of Beetlejuice mice,
W2887591091,2017,"Eco-Consciousness, Dwelling and Anxiety in Selected Works by John Burnside",
W3041152190,2020,The operas Madame Butterfly and The Magic flute in Helena Kraljič's picture books,
W3157244426,2020,Confronting Racial Discrimination: Coping Strategies Of Non-Wasp People In Green Book Movie (2018),
W4225165976,2022,The Butterfly Effect of Trauma Contextualization,
W7112595856,2023,Dream realm consciousness:Discussion of Chen Xiao-qing's Ink Painting Creation,
W7135730847,2024,Insects as a model group of organisms for the research of knowledge about and attitudes to invertebrate animals,
W3165671209,2025,Caring coaching: developing social competence of primary school children through a school cricket program,Loughborough University
W7212342060,2025,Cricket Shot Prediction using Match Context Data by use of XGBoost Classifier,
W7113216511,2025,Perception of portuguese consumers regarding the marketing mix variables of insect-based foods,
W7164839723,2026,‘But we don’t do cricket’ : An exploration of ‘belonging’ within the Ethiopian and Eritrean communities in the UK,
W7170114128,2026,Developing Inclusive Leadership in Sport Boards Through Emotional and Cultural Intelligence Lenses: An Action Research Study,
W7172560655,2026,SELECTIVELY KILLING MOSQUITO LARVAE WITH THE USE OF SMALL-MOLECULE PROBES,
W7214415688,2026,Freie Titelübersetzung: Alternative Protein Food Sources in Austria: A Media Sentiment Analysis of Algae and Insects,
W7156214185,2026,"The Structural Conditions of Consciousness VII — Extension Volume — Structural Determination of the Brain from Action and Irreversible Exclusive Decision (Repositioning State-Based Theories of Consciousness: IIT, GNW, HOT, Predictive Processing, RPT, and Epiphenomenalism)",
W7160215781,2026,"The Structural Conditions of Consciousness VII — Extension Volume — Structural Determination of the Brain from Action and Irreversible Exclusive Decision (Repositioning State-Based Theories of Consciousness: IIT, GNW, HOT, Predictive Processing, RPT, and Epiphenomenalism)",
W7160499898,2026,"The Structural Conditions of Consciousness VII — Extension Volume — Structural Determination of the Brain from Action and Irreversible Exclusive Decision (Repositioning State-Based Theories of Consciousness: IIT, GNW, HOT, Predictive Processing, RPT, and Epiphenomenalism)",
W7160601719,2026,"The Structural Conditions of Consciousness VII — Extension Volume — Structural Determination of the Brain from Action and Irreversible Exclusive Decision (Repositioning State-Based Theories of Consciousness: IIT, GNW, HOT, Predictive Processing, RPT, and Epiphenomenalism)",
W7161310794,2026,"The Structural Conditions of Consciousness VII — Extension Volume — Structural Determination of the Brain from Action and Irreversible Exclusive Decision (Repositioning State-Based Theories of Consciousness: IIT, GNW, HOT, Predictive Processing, RPT, and Epiphenomenalism)",
W7161577374,2026,"The Structural Conditions of Consciousness VII — Extension Volume — Structural Determination of the Brain from Action and Irreversible Exclusive Decision (Repositioning State-Based Theories of Consciousness: IIT, GNW, HOT, Predictive Processing, RPT, and Epiphenomenalism)",
W7161591224,2026,"The Structural Conditions of Consciousness VII — Extension Volume — Structural Determination of the Brain from Action and Irreversible Exclusive Decision (Repositioning State-Based Theories of Consciousness: IIT, GNW, HOT, Predictive Processing, RPT, and Epiphenomenalism)",
W7162433274,2026,"The Structural Conditions of Consciousness VII — Extension Volume — The Common Architecture of the Brain Predicted by Structural Knot Theory — Brain Architecture Derived from Action and Irreversible Exclusive Decision — (Repositioning State-Based Theories of Consciousness: IIT, GNW, HOT, Predictive Processing, RPT, and Epiphenomenalism)",
W7162582049,2026,"The Structural Conditions of Consciousness VII — Extension Volume — The Common Architecture of the Brain Predicted by Structural Knot Theory — Brain Architecture Derived from Action and Irreversible Exclusive Decision — (Repositioning State-Based Theories of Consciousness: IIT, GNW, HOT, Predictive Processing, RPT, and Epiphenomenalism)",
W7162689511,2026,"The Structural Conditions of Consciousness VII — Extension Volume — The Common Architecture of the Brain Predicted by Structural Knot Theory — Brain Architecture Derived from Action and Irreversible Exclusive Decision — (Repositioning State-Based Theories of Consciousness: IIT, GNW, HOT, Predictive Processing, RPT, and Epiphenomenalism)",
W7165396754,2026,An AI Prompt for Strongly Inferring the Presence or Absence of Subjectivity III — Provisional Consciousness Assessment through Convergence-Point Analysis Across Fifty Entities —,
W7165403472,2026,An AI Prompt for Strongly Inferring the Presence or Absence of Subjectivity III — Provisional Consciousness Assessment through Convergence-Point Analysis Across Fifty Entities —,
W7166210767,2026,"The Structural Conditions of Consciousness VII — Extension Volume — The Common Architecture of the Brain Predicted by Structural Knot Theory — Brain Architecture Derived from Action and Irreversible Exclusive Decision — (Repositioning State-Based Theories of Consciousness: IIT, GNW, HOT, Predictive Processing, RPT, and Epiphenomenalism)",
W7156056579,2026,"The Structural Conditions of Consciousness VII — Extension Volume — The Common Architecture of the Brain Predicted by Structural Knot Theory — Brain Architecture Derived from Action and Irreversible Exclusive Decision — (Repositioning State-Based Theories of Consciousness: IIT, GNW, HOT, Predictive Processing, RPT, and Epiphenomenalism)",
W7166327871,2026,"The Structural Conditions of Consciousness VII — Extension Volume — The Common Architecture of the Brain Predicted by Structural Knot Theory — Brain Architecture Derived from Action and Irreversible Exclusive Decision — (Repositioning State-Based Theories of Consciousness: IIT, GNW, HOT, Predictive Processing, RPT, and Epiphenomenalism)",
W7217389042,2026,"Consumer responses to protein alternatives: the impact of information sharing and sensory experience on liking, emotion and choice",
W7115931333,2025,Spiritual Beekeeping: An Ethnographic Exploration of Sacred Apiculture in Present-day United States,
W4306898522,2018,Unraveling the Pathways Involved in Intestinal Repair After Ionizing Radiation Damage,Dominican University of California
W3126525881,2020,"Características físico-químicas e sensoriais de hidroméis produzidos a partir de mel silvestre ou mel de aroeira, utilizando ou não pólen apícola na sua fabricação",
W7142575601,2025,Alternative Strategies to Antibiotics: The Role of Butyric and Valeric Glycerides Blend in Controlling Necrotic Enteritis and Coccidiosis in Broiler Chickens,
W7132556021,2019,Strukturne in funkcionalne determinante agregacije TDP-43,University of Nova Gorica
W7200630295,2025,Semantic categories of proper names in Runyankore/Rukiga and English: A Comparative study,
W3083317661,2020,Uloga medicinske sestre u prepoznavanju i postupanju s zlostavljenim djetetom,
W2971391867,2016,Nectários extraflorais em Luffa cylindrica (L.) M. Roem (Cucurbitaceae): anatomia e respostas morfofisiológicas em função do status nutricional e herbivoria,
W3045289948,2018,Assessment of farming systems and cover configuration options that enhance natural regulation of herbivorous arthropod abundance in maize-fields,
W2946112179,2017,DNA barcoding of medically-important arthropods including molecular detection of associated potential pathogens in head lice / Aida Syafinaz Mokhtar,
W3157263513,2019,STRATEGI PERUSAHAAN DAERAH AIR MINUM TIRTA TAMAN SARI DALAM MENINGKATKAN KESEJAHTERAAN MASYARAKAT DI KOTA MADIUN,
W3180870563,2021,Forest beekeeping in Zambia: Analysing the nexus of sustainable forest management and commercial honey trade,
W7112931498,2025,A Companion Object: Materialising a multispecies sensibility through creative practice in an ecological crisis,
W7164007223,2026,Διερεύνηση και σύγκριση επιπέδου ενσυναίσθησης μεταξύ των φοιτητών διαφορετικών κλάδων των επιστημών υγείας στην τριτοβάθμια εκπαίδευση και σε διαφορετικά έτη,
W3046783984,2019,Effect of sensory enrichments on the behaviour of captive Northern lynx (Lynx lynx lynx) and assessment of automated behaviour monitoring technologies,
W2742692637,2017,Kangaroo Island Propolis: Improved Characterisation and Assessment of Chemistry and Botanical Origins through Metabolomics,
W2971582726,2017,Three essays on the idiosyncrasies of a perennial crop : the case of the US almond market,
W3158423051,2016,조류의 부리와 식충식물의 생김새에 대한 STEAM 프로그램의 개발 및 적용 효과,
W3044669068,2020,Sensor fusion in distributed cortical circuits,Ludwig-Maximilians-Universität München
W7114943330,2025,Probing the Link between Concussion and Neurodegenerative Diseases: Prodromal Diagnosis and Nutraceutical Interventions,
W7171844784,2026,"After the Water : a documentary on disaster, recovery, and the places communities fight to save",University of North Carolina at Chapel Hill
W3135380115,2017,The impacts of urbanisation and habitat size on local biodiversity and ecosystem functioning,
W3097893857,2020,GAMBARAN ASUHAN KEPERAWATAN PADA ANAK DENGUE HEMORRHAGIC FEVER DENGAN NYERI AKUT DI RUANG KASWARI RSUD WANGAYA TAHUN 2020,
W7155308112,2025,A New Lens on Life: Cross-Contextual Sensing Technologies from Human Insights to Wildlife Conservation,
W7217888040,2025,Trajectory Planning and Control System for Hyper-Redundant Manipulator in Semi-Structured Environments,
W7111731502,2025,EFEK MEDIASI PERCEIVED MARKET EFFICIENCY (PME) DALAM PENGARUH BIAS HEURISTIK TERHADAP KEPUTUSAN INVESTASI DENGAN MODERASI ASPEK DEMOGRAFI,
W7110562383,2024,Interoceptive Processing across Modalities in Disordered Eating Behavior,University of Luxembourg
W4404301357,2024,Light and Larvae for Little Layers,
W3167099963,2021,"Promoting dietary diversification in the ASEAN region : exposing food taboos, and exploring the nutrient profiles of underutilized, indigenous food resources",
W4206150565,2017,Diet-dependent balance between autophagy and proliferation regulates follicle stem cell lifetime,Drexel University;University of Dhaka
W2627625204,2017,Uncovering a sugar tolerance network: SIK3 and Cabut as downstream effectors of Mondo-Mlx,
W4223949932,2021,Exposição ao mercúrio ambiental na Bacia Amazônica e seus efeitos em Andorinhas- Azuis (Progne subis),
W2508224941,2016,Characterization of allergen-specific T cell subsets in allergy : With a goal for improvement of allergen-specific immunotherapy,
W3017937449,2020,"Innovative protein sources in feed for salmonids: Effects on lipid metabolism, gut microbiota and fillet quality",
W3037915521,2020,Animals and their artists: An exploration of impossible encounters,
W7110589663,2020,Brian Chikwava’nin harare north ve Chris Cleave’in the other hand romanlarinda ev ve kimliğin yersiz yurtsuzlaşmasi.,
W3021281978,2020,MS ENVIRONMENTAL BIOLOGY CAPSTONE PROJECT,
W2937824416,2018,APLIKASI PEMBERIAN MADU TERHADAP KUANTITAS TIDUR ANAK ISPA DI PUSKESMAS TEGOWANU GROBOGAN,
W4409794821,2024,Using species-level variation in behavioral traits as a conservation tool for Massachusetts lepidopterans,
W3034941314,2018,Razvijanje komunikacijskih vještina kod djece jasličke dobi,
W4385893894,2023,"Digital transformation of customer interactions : aligning marketing, sales and IT",
W7120593895,2025,Study of artificial synapses in electrolyte-gated neuromorphic transistors using honey as the electrolyte,
W3172572191,2021,Determinación del porcentaje de goma garrofín y ácido acético para efecto estabilizante en salsa picante de piña,
W7162916188,2024,Einsatz von kaltem Atmosphärendruckplasma gegen Rote Vogelmilben (Dermanyssus gallinae) als innovative Komponente in einem Integrierten Schädlingsbekämpfungsmanagement,
W4415388489,2025,Evaluation of anti-ageing potential of lemongrass tea and its mechanisms of action,
W7165089600,2026,THE FUNNY THING IS: Using Intentional Improvisation and Comedy as an Apparatus to Process Unresolved Traumas Through Animated Short Film,
W2602927310,2016,"Patrons de distribution, dispersion par l’Homme et variations intraspécifiques au sein des paysages urbanisés : réponses des fourmis à l’urbanisation",
W2758187465,2017,"MATERIALIZING MAKERSPACES: QUEERLY COMPOSING SPACE , TIME , AND (WHAT) MATTERS",
W2972490390,2018,Perancangan Kampanye Sosial Menjaga Informasi Pribadi Dalam Media Social Untuk Remaja,
W7161670111,2021,WILDLIFE PRESERVATION BEHAVIORS 1,
W4366003135,2023,Daylight Control and Window Design In Apartments,
W2591512090,2016,EX-ANTE IMPACT ASSESSMENT OF GENETICALLY MODIFIED MAIZE ADOPTION IN EL SALVADOR,
W2334619626,2016,Programa psicoeducativo familiar para fortalecer las estrategias de afrontamiento en padres con hijos con necesidades educativas especiales incluidos en la educación regular de la escuela José Ingenieros n°2,
W7219244226,2024,PEMBERDAYAAN MASYARAKAT MELALUI BUDIDAYA ULAT SUTERA DALAM MENINGKATKAN EKONOMI MASYARAKAT DI DESA SENTUL KECAMATAN PURWODADI KABUPATEN PASURUAN,
W2728152693,2016,Virulence and required genes in the fish pathogen Vibrio anguillarum,
W7154796148,2025,Changement climatique et maladies infectieuses des équidés,École Nationale Vétérinaire de Toulouse;Université Toulouse III - Paul Sabatier
W7148196878,2023,Honey Wine from Creek Waters: A memoir of reclamation,
W3087343026,2020,Representation of Time and Motivation in the Nervous System,
W2769668626,2017,"DESIGNING HIGH RISE HOUSING FOR LAGOS, NIGERIA WITH FOCUS ON SUSTAINABLE BUILDING SERVICES",
W3096820005,2019,Structural Characterization of CENP-C Cupin Domains at Regional Centromeres Reveals Unique Patterns of Dimerization and Functions for the Inner Pocket,
W7204984422,2026,Matka asuntoni ympäri,
W2603471476,2016,Becoming the Land: The Synthesis of Architecture and Nature,
W7162608310,2019,Évaluation d’écrans attractifs et toxiques dans la lutte contre stomoxys calcitrans,École Nationale Vétérinaire de Toulouse;Université Toulouse III - Paul Sabatier
W2941740592,2019,In vivo and in vivo biological activity of cola beverages and different additives,
W7165113330,2026,What the fish leave behind : Diet-driven loops in recirculating aquaculture systems,Wageningen University & Research
W2959261729,2018,Umjetničke aktivnosti u Waldorf dječjem vrtiću,
W3111857180,2019,Povezanost dva oblika ponašanja inducirana metamfetaminom u Drosophili melanogaster : samoadministracije i lokomotorne senzitizacije,
W7111859453,2021,A Study on Policy and Related Issues towards North Korean Defectors -Focused on China and Korea-,
W2910783513,2018,Retrospektivna procjena udjela buhavosti kao uzroka dermatitisa s pruritusom kod pasa i mačaka,
W2989607956,2018,"Understanding the Adoption, Maintenance, Diffusion of Urban Stormwater Management Practices",
W7161098018,2026,Points of Contact,
W7214816848,2026,"Body Appreciation in Adolescents: A Multi-Study Approach to Understanding a Brief School-Based Program, Protective Factors, and Assessment in School Settings","Center for Health, Exercise and Sport Sciences;LIKES – Foundation for Sport and Health Sciences;Victoria University"
W3112714501,2020,Design of novel ways to reduce the populations of black flies in the valley of Urcuqui,
W2809734208,2018,"""Hey, where can I go for help?"" : Aboriginal people and ""good medicine"" at an urban Aboriginal health agency",University of British Columbia
W2999837991,2020,Scale-Critical Stories from the Casula Parklands,
W2624887706,2017,Effects of artificial light at night (ALAN) on interactions between aquatic and terrestrial ecosystems,
W3154821158,2020,Anti-Systemic Departures in Lebanese-Canadian Writing: Mouawad and Hage,
W2957076537,2019,PERAN UN WORLD FOOD PROGRAMME (WFP) DALAMMENANGANI KRISIS PANGAN DI NIGER,
W2565168200,2016,Daylight in Existing Buildings - A Comparative Study of Calculated Indicators for Daylight,
W7135771440,2022,Finanční aspekty lesních ekosystémů,
W4414576905,2025,?No Fellow Soul or Human Thing?: Influences of the Eugenic Imagination in Horror Fiction of the Fin de Siecle,
W2972873363,2019,Lifespan Changes of the Human Insula in Major Depression,
W7135606075,2021,What is the life of patients with Epidermolysis bullosa in the Czech republic,
W7202297753,2026,Nature-inspired self-organization in autonomous multi-agent systems,
W4206432937,2022,Constraining natural and anthropogenic disturbances in the delivery of coastal ecosystem services,Columbia University;Massachusetts Institute of Technology;Woods Hole Oceanographic Institution
W3118662071,2020,Three essays on environmental economics: externalities and policy implications,
W2908315603,2018,Proyecto de Investigación previo a la Obtención del título de Licenciada de Enfermería,
W3157720609,2020,"Spillover Effects from Swap Dealers and Index Traders on Agricultural Commodity Futures, a BEKK-MGARCH Approach",
W3006944285,2019,"Family Predictive Factors of Rural Malaria Prevalence in Nsukka, Eastern Nigeria",
W7203562612,2026,Lighting Design Recommendations for Dementia Care Facilities: a Mixed-method Study,
W2944579894,2019,Metabolic disorders : genes and mechanisms,
W7159656552,2025,Barriers to generalisation in acoustic hive monitoring,University of Oxford
W2535785781,2016,The study of human-caribou systems in the face of change: Using multiple disciplinary lenses,
W2971133668,2018,Estimating consequences of losing pollination services : an evaluation of the pollinator dependency of plants,
W7132535632,2025,Opportunities and challenges of young athletes throughout their sporting careers,
W2931587506,2019,The vocalisations and behaviour of chickens in anticipation of rewards,
W2469434227,2016,Investigation of methods for protection of horses in jet stalls against Culicoides biting midges,
W4381281951,2023,"Abordaje del paciente oncológico y no oncológico en fin de vida con úlceras de Kennedy, 2012 a 2022: revisión integrativa",Pontificia Universidad Javeriana
W7128883910,2024,"Identification of ticks, lice And tick-borne bacteria From selected ruminant Farms in peninsular Malaysia",
W4410801633,2023,Hibernation behavior and winter feeding of northern myotis in coastal populations after white-nose syndrome invasion,"University at Albany, State University of New York"
W2617739809,2017,Bolesti koje se prenose komarcima,
W2589198572,2016,Malarija - reemergentna zarazna bolest,
W7116214235,2025,"Forecasting biodiversity under pressure: species distribution modeling of pests, ecosystem engineers, and bioindicators in the Anthropocene",
W7198926154,2024,Effectiveness of the Local Natural Methods of Extending Fruit Shelf Life in Selected Cooler Parts of Uganda.,
W2740567479,2017,Investigating Exoplanets and Transients Using Small-Aperture Telescopes,
W3106949908,2019,"Temperature-dependent regulation in the Bacillus cereus-Bacillus anthracis crossover strain, Bacillus cereus G9241",
W3130716455,2017,문학작품 속에 나타난 치매서사의 탐구,
W7128329702,2017,Nursing care for children with Epidermolysis Bullosa,
W7127602966,2026,"Prevalence, knowledge, and practices of malaria prevention among Prime gravidas in Lira City, Northern Uganda. A cross-sectional study.",Lira University
W2750948341,2016,Three Essays on the Economic Relationships Between Climate and Agriculture,
W3162537638,2021,Gut microbes and brain function,
W2592844442,2016,"Cinema, ideologia e representação: (neo) conservadorismo, resistências, e belicismo nos Estados Unidos (1980-1990)",
W7132992448,2024,"Enlivening Ten Thousand Things: Scientific Knowledge of the Living World in Modern China, 1900-1960",University of Toronto
W3159798900,2018,Mimetic Shame: Fictions of the Self in Postcolonial Literature,
W7204062729,2026,"Policy to plate : a case study of governance, organisation, and change in hospital foodservice",
W7203878784,2026,"Untimely Play: History, Habit, Games",University of North Carolina at Chapel Hill
W2970659874,2017,Human Ecology of Malaria in a Rural Highland Region of South-West Kenya,
W7103899237,2025,Multi-Sensor Remote Sensing of Forest Biodiversity - Novel Earth Observation Techniques for Forest Structure Analyses and Multi-Scale Characterization of Forests,
W7119263336,2019,title.alternative,
W7166856742,2026,Life amongst the dead: understanding biodiversity in urban burial grounds,
W3015143538,2019,"Impacts of urban gardening on soil quality, soil fauna and soil multifunctionality",
W7120402253,2023,CONJUNTOS HABITACIONAIS E OCUPAÇÃO DO ENTORNO DE CAMPO GRANDE (MS): UM ESTUDO SOBRE A FORMAÇÃO DE INJUSTIÇAS SOCIOAMBIENTAIS,
W3215136125,2020,"Establishing ecological and social priorities for urban biodiversity conservation and their alignment through green infrastructure planning; a case study in Swindon, UK.",
W2606386957,2016,Investigations into the Trans-Seasonal Persistence of Culicoides sonorensis and Bluetongue Virus,
W2521815282,2016,Studies of Northern Fowl Mite Host-Parasite Interactions and Evaluation of Novel Control Strategies in Poultry,
W2784588910,2017,"MULTICULTURALITA’, DISAGIO SOCIO ECONOMICO E VIOLENZA CONTRO LE DONNE: ACTION RESEARCH DI PREVENZIONE E AZIONE CON UTENTI E OPERATORI DI ASSISTENZA SOCIO-SANITARIA",
W2945708180,2018,Productivity and Technology Adoption in the Alberta Forest Sector,
W2970240047,2018,Chimpanzees of Rubondo Island: ecology and sociality of a reintroduced population,
W3100775299,2020,Evaluation of forest management in the context of carbon fluxes: Eddy-Covariance method,Estonian University of Life Sciences
W7120784442,2024,Pesticidas: efeitos da exposição aguda e cronica a diflubenzuron e pyriproxyfen em zebrafish (Danio rerio),
W7139876891,2026,Probing the role of histone acetylation in the evolution of pathogenicity in Candida glabrata,
W2276018464,2022,The Dynamic Structural Genome of Plasmodium falciparum,
W2996331609,2019,Exploring the viability of re-introducing Lablab purpureus (L.) Sweet as a multifunctional legume in northern Tanzania,
W7135289540,2023,Essays on cotton production in sub-Saharan Africa,
W7120825619,2024,"Optimizing position, promotion and distribution strategies to encourage the discovery and adoption of alternative proteins on the French market",
W3161942905,2020,O corpo com deficiência física e a intercorporeidade no cinema: uma abordagem fenomenológica,
W2472473613,2016,"Creating value-added cereal-based baked products: marketplace offer, laboratory-designed goods, and revisited local products",
W7112899432,2025,A framework for optimising the CO2 reduction Performance of green walls using machine learning and evolutionary algorithms,
W3139083519,2020,Atención plena (sati-sampajañña) y Auto-indagación (atma-vichara) en la Filosofía no-dual de Ramana Maharshi,
W7162569363,2026,Enhancing farmed Atlantic salmon quality through new production techniques,
W7172252029,2026,"Food Memoir in Aotearoa, New Zealand: Research towards constructing a history of the food memoir in a New Zealand context",Central Queensland University
W3159133617,2018,Eliciting farmer preferences for rice varietal trait improvements using an experimental methodology based on investment games,
W7197610956,2024,"Green roofs and stormwater planters: hydraulic efficacy, biodiversity benefits and experimental optimization",
W7105538075,2024,A Long-Term Investigation of Caladenia Pollination Services in Australia,
W2977252034,2019,A scientific contribution towards sustainable aquaculture,
W2945194134,2018,Improved Diagnosis and Therapy of Hymenoptera Venom Allergy by Component-Resolved Approaches,
W7171270438,2024,Pasar lokal Papringan dengan pendekatan arsitektur organik di Temanggung,
W7135033839,2025,"Development, Colour Preference, and Survey Outcomes of Primary and Secondary Sheep Myiasis-Causing Fly Species in Australia: Implications for Mitigation Strategies",
W7199092015,2024,Pohjanlepakon aktiivisuus ja päiväpiilonvalinta,
W7207624287,2026,精密農業のためのサイボーグ昆虫センサーネットワークビジョンAIの統合,
W7201401915,2026,Educare attraverso il minuscolo: gli insetti come mediatori di cittadinanza ecologica nella scuola dell’infanzia e primaria,
W3048798265,2021,Climate change adaptation for seaports and airports,
W4399493587,2023,The utilization of amaranthus leaf powder to supplement ujeqe (steamed bread) wheat flour for the alleviation of food and nutrition insecurity in Empangeni South Africa.,University of KwaZulu-Natal;Water Research Commission
W3134273102,2018,Opportunities and obstacles of ecological intensification: Biological pest control in arable cropping systems,
W3202443656,2018,The bio-footprint of a wound debridement device containing Lucilia sericata larvae,
W3126391447,2020,Host suitability of poaceous and broad leaf plants for Fall armyworm (Spodoptera frugiperda) (Lepidoptera: Noctuidae),
W2789094828,2018,"Maternal and Child Health in Jimma Zone, Ethiopia: Predictors, Barriers and Strategies for Improvement",
W3157050257,2020,Land use effects on biodiversity and ecosystem services.,
W2803005837,2017,Biogeography of bats in the Australian Wet Tropics: current distribution and response to future climate change,
W4241037192,2021,Identifying relationships between mesopredators and urban environments in cities in agricultural landscapes,
W4416174574,2024,Theoretical and data-driven models in Ecology,Institute for Cross-Disciplinary Physics and Complex Systems;Universitat de les Illes Balears
W2982991416,2019,Exploring synergies – management of multifunctional agricultural landscapes,
W3004682060,2018,Biodiversity and Ecosystem Functioning across Scales in Real-World Landscapes,
W2883374010,2016,A Clinical Evaluation of Elisevi Kudineer a Siddha Drug in the treatment of Keerinoi (Thread Worm - Enterobius Vermicularis) in Children,
W2897451349,2017,PENGARUH VARIABEL LINGKUNGAN EKSTERNAL DAN KONDISIINTERNAL PENDERITA DBD TERHADAP SEVERITAS DANSURVIVAL: STUDI PADA BALITA DI RUMAH SAKIT UMUM DAERAHABDUL MOELOEK (RSUDAM) PROVINSI LAMPUNG,
W2894628048,2018,Essays in Natural Resources and Development Economics,
W7112484227,2022,"Prevalence of West Nile virus in domesticated mammals (cattle, goat, horse and pig) in selected areas of Peninsular Malaysia",
W3192168912,2020,Decision Support Tools for Vector-borne Spread of Animal Disease,
W7116437368,2025,Antenatal Care Utilization and HIV/AIDS Awareness Among Women in Senegal,
W7198065523,2025,Mahdollisten eläinperäisten RNA-virusten seuranta bioinformatiikalla,
W2462138687,2016,Investigation of transmission of vaccine strains of African horse sickness virus in weanling foals kept under field conditions following the use of a commercial attenuated live virus vaccine,
W3204512987,2021,Mechanisms of inter-organ crosstalk mediated by tryptophan metabolism,
W3188111450,2019,Development of plant-produced African horse sickness vaccines,
W7133441277,2022,"The Presence and Persistence of Frog Species in the New England Tablelands, Eastern Australia",
W2891215810,2017,Immune response in nhuman neurological and allergic diseases,
W2567164559,2016,Potential Economic Impact Of Integrated Thrips Management In French Bean And Tomato In Loitokitok And Mwea Sub – Counties Of Kenya,
W7161947440,2025,Enhancing Outdoor Thermal Comfort in Hot-Climate Dense Cities through Artificial Shades: Optimizing Shade Geometry and Spatial Allocation,
W3173260796,2021,Toxic effects of wildfires on aquatic systems,
W3104446313,2020,Ecological functions and services in the context of a multidimensional assessment for urban green spaces,
W3112338022,2020,Determinants of habitat use by fish and crustaceans in mangroves: using habitat characteristics to predict communities,Edinburgh Napier University
W2901729599,2018,Low achievement in English language learning: a case study of a Chinese tier-3 university under the lens of complex systems theory,
W2942800821,2017,"Exploring the uptake of genetically modified white maize by smallholder farmers: the case of Hlabisa, South Africa",
W3082543988,2020,Citizen science for malaria vector surveillance in Rwanda,Wageningen University & Research
W2756660873,2017,Zika virus: control measures for an emerging pathogen in Brazil,
W2989631135,2019,Water availability and quality in the Jordan River Valley and the Zarqa River Basin : stakeholders' perspectives,
W4399729933,2024,Of what materials made: A novel,
W4393304176,2023,"Identifying environmental, economic, and equity opportunities through a spatial lens",
W7116949014,2021,Seeing beyond the smoke: smallholder farming in Papua New Guinea in a changing world,University of Oxford
W2890145080,2016,"Productos forestales no maderables de origen vegetal en cinco comunidades de la parroquia Manú, Saraguro, provincia de Loja.",
W3184450986,2021,Horizontal and Vertical Transmission Excluded as Primary Causes of Trypanosoma cruzi in Rhesus Macaques (Macaca mulatta) Housed Within a Texas Breeding Colony,
W4225376190,2017,"El pino canario y las erupciones de cumbre vieja (1949, La Palma) : adaptación al volcanismo",
W2766163727,2017,"El pino canario y las erupciones de Cumbre Vieja (1949, La Palma). Adaptación al volcanismo",
W4408073933,2025,Sustainability assessment of double-skin facades: improving thermal and visual comfort by applying parametric design panels on adaptive façade in refurbishment educational building at Mediterranean climate,
W7115587656,2025,"Genomic and transcriptomic analyses of Wohlfahrtia magnifica, a myiasis-causing flesh fly, reveal key targets for potential control programs",University of Veterinary Medicine Vienna
W2979450699,2019,Rethinking the food system: an Operations Research approach,Wageningen University & Research
W3170430304,2020,"Rebellious daughters, sisters and wives : non-conforming women in South Asian diaspora fiction",
W3157784272,2016,Composição lipídica de peixes de extrativismo e de cativeiro,
W7160421139,2025,Toxicological Effects of Tobacco Effluents on Hormonal Levels in Hybrid Catfish and Ameliorative Potentials of Pawpaw Leaf-Based Diet,University of Ilorin
W7110954497,2025,Toxicological Effects of Tobacco Effluents on Hormonal Levels in Hybrid Catfish and Ameliorative Potentials of Pawpaw Leaf-Based Diet,University of Ilorin
W2404484112,2016,Considerations regarding the feed-food competition between man and chicken,
W2944259228,2019,"""Prophets of Doom"": the phenomenon of healing and power dynamics in Neo-Pentecostal African churches",
W2530877373,2016,Investigation of high-entropy alloys for use in advanced nuclear applications,
W2760972229,2018,Exploring Human Nature: A reflexive mixed methods enquiry into Solo time in the wilderness,
W2738352871,2017,Beyond Curiosity: Late-Nineteenth-Century American Women's Narratives of Obsession,
W3044606131,2020,"Critically investigating the complex, emergent (non)influence of sport coaching practice",
W3124258545,2021,"Holy Stitches Batman, or, Performative Villainy in Gothic/am",Old Dominion University
W2520504287,2016,Splits and integrations: A phenomenological exploration ofself-harm marks and scars,
W2530154664,2016,Information and context effects on consumers' food experience,
W2563637750,2016,The Performativity of Intimacy in Theatre,
W3104041025,2016,The Point of a Politeia: Changing Conceptions of Regimen and Regime from 450 to 350 BCE,
W7111775013,2016,On Illusive Combination Elements of “Fantastic Space” Paintings,
W2948584231,2016,The role of sex ratio as a context for selection in Silene vulgaris,University of Virginia
W2767937923,2016,Developing features of sport parenting expertise: an investigation and intervention,
W2756899560,2017,The effect of breeding animals on the preschool children's attitude towards them,
W2810007635,2017,"A Leaf Falls After, for orchestra",
W3013176882,2017,Bioresonance and the Implicate in Musicking,
W3134322982,2017,TO PIMP A CATERPILLAR: HIP HOP AS A VEHICLE TO SPIRITUAL LIBERATION THROUGH THE DECOLONIZATION OF EUROPEAN IDEOLOGY,
W7120372293,2017,Influence of abiotic factors on the distribution and abundance of sand flies (Diptera: Psychodidae) in a conservation unit of the atlantic forest at Rio Grande do Norte state,Universidade Federal do Rio Grande do Norte
W2737126109,2017,I Am My Own Escape,Illinois State University
W2769690500,2017,Effects of gender micoraggressions on women's cognition,
W2891939404,2018,"Evaluating the impact of individual, social, and environmental factors on bed net use for malaria prevention",
W2975102298,2018,The impact of continuous ECG-monitoring in patients with unexplained syncope,
W3080717458,2018,BMW Motorrad Spirit,
W2954070780,2019,The initiation of the beautiful uncanny,
W3026691459,2019,Assessment of Proteinuria by Urine Spot Protein Creatinine Ratio for Risk Prediction of Dengue Hemorrhagic Fever/Dengue Shock Syndrome in Dengue Infections,
W2946453263,2019,Ekonomska učinkovitost daljinske detekcije zlatne žutice vinove loze,
W4287998524,2019,"KNOWLEDGE, ATTITUDE AND PRACTICES OF MOTHERS ON SEVEN KEY CHILD SURVIVAL INTERVENTIONS IN ABEOKUTA SOUTH AND ODEDA LOCAL GOVERNMENT AREA",
W3004886123,2020,Hypopriors in autism spectrum disorder,
W3036227543,2020,The Capabilities Approach To Metaphysical Personhood,
W3093471867,2020,Assessing Needs for Comprehensive Zika Avoidance Messaging for At-Risk Women in the U.S.-Mexico Border Region,
W3095282730,2020,The establishment of a radical worker's party in South Africa,
W3098420456,2020,Phenotypic Variation in Mating Behavior and Reproductive Physiology,
W3103868832,2020,Socijalno-semiotički pristup analizi srpskih bukvara od 1965. do 2011.,
W3127169588,2020,Investigating the Neural Mechanisms of Unconscious and Illusory Touch Perception,
W3207132825,2020,The Political Uses of Nostalgia in Harper Lee´s To Kill a Mockingbird,University of Oslo
W4241403104,2020,As árvores que nos cercam,
W3093603763,2020,An emerging role for tcf7l2 at the nexus between metabolic regulation and social behavior,
W3201963046,2020,Jardins: como construir espaços que favoreçam a educação ambiental no ambiente escolar,
W3103000899,2020,"We are not ourselves all of the time and we are not all of ourselves at anytime: Heteronyms, personas and contemporary art",
W3139029971,2020,"An economic, environmental and ethical assessment of meat production and consumption in South Africa",
W7214211274,2021,Disgust and the Donatist Controversy: Examining the Role of Disgust in Augustine's Letters,
W3200611735,2021,ASUHAN KEPERAWATAN PADA AN.S DENGAN GANGGUAN SISTEM HEMATOLOGI: DEMAM BERDARAH DENGUE (DBD) DI RUANGAN CLARA KAMAR 6-3 CHARITAS HOSPITAL KM 7 PALEMBANG,
W4391304310,2023,"Statistical modelling on childhhod anaemia, malaria and stunting in Malawi, Lesotho, and Burundi.",University of KwaZulu-Natal
W7113402781,2023,Um estudo sobre o mecanismo de resposta pós-compra do Fomsumer,
W4328052919,2023,Are Caterpillars Evolving Through Feeding Behavior in Response to Parasitoids?,
W4399368167,2023,Barreiras e facilitadores na adoção de fontes alternativas de proteína,
W7139389507,2024,Samspelet mellan känslor och auditiva stimuli för att underlätta sömn,
W7119367705,2024,Educação ambiental: os impactos do lixo no município de Ribeirão da Neves (MG) - Desafios e Soluções,
W7166613522,2024,Enhancing self-esteem through natural objects in your soul is a river,
W7113107937,2025,Gregor Samsa’s Isolation Leading To Disruption Of Family Dynamic In Franz Kafka’s The Metamorphosis,
W7113145265,2025,A Study of the Transformation of Leisure Styles Among Female Teachers in Taipei Municipal Elementary Schools,
W7113493667,2025,The Boundaries of Integrity : An Investigation into Vulnerability betweenRule and Relation,
W7131747349,2025,E Lohena I Ka Ulu Nahele (Listening to the Forest): Developing tohu (environmental indicators) for forest monitoring in Te Wao Nui ā Tiriwa in collaboration with Te Kawerau ā Maki,
W7134022037,2025,The artistic expression of selected Chinese folk in Chen Gang’s violin worker,
W7220773214,2025,'And she calls herself a woman' : Criticising the New Woman in the British Periodical Press of the 1890s,
W4411840437,2025,Neo-Conceptualización del Paisaje: Evolución del Hábitat Célula,Universidad Politécnica de Madrid
W7113528249,2025,PENGELOLAAN STRES KERJA BERBASIS NILAI-NILAI BUDAYA JAWA PADA GURU PAUD DI YOGYAKARTA,
W7137572808,2025,速度のダイナミクス：ゲームが没入的で刺激的になるのはいつか？―ゲーム洗練理論の視点から,
W7154665024,2025,BENTUK TARI KUPU-KUPU UNTUK ANAK USIA 4-5 TAHUN DALAM MENINGKATKAN MOTORIK KASAR DI TK AMAL INSANI SLEMAN YOGYAKARTA,
W7164452058,2025,The Traces of Mining Activities in Riverscapes—a Lyrical and Performative Art-based Approach,
W7128868058,2025,La langues des signes : application à la communication humain-animal,École Nationale Vétérinaire d'Alfort;Université Paris-Est Créteil
W7217175172,2025,Food neophobia: a key barrier to consumer acceptance of seafood in Sweden,
W7105931993,2025,Towards a staging of James Hogg's 'Private memoirs and confessions of a justified sinner',
W7213378936,2026,Культурно-специфічні ідіоми у британському варіанті англійської мови,
W7147277252,2026,Das Potenzial von Glühwürmchen als Flagship Species in der Biodiversitätskommunikation,
W7138975395,2026,Development of novel synthetic routes and intensified processes for biomass-derived chemicals,
W7148269302,2026,Securing the Future of Food: Determinants of Consumer Attitudes and Purchase Intentions Toward Meat Substitutes in the UAE,University of Wollongong
W7148429094,2026,Securing the Future of Food: Determinants of Consumer Attitudes and Purchase Intentions Toward Meat Substitutes in the UAE,University of Wollongong
W7171272944,2026,Constructing Muslim Identity in American Comic Books and Graphic Novels: Representation and Propaganda,York University
W7163665314,2026,The Survival Crisis and Reconstruction Mechanism of Chinese Culture and Arts in the Age of Platform Capitalism,University of North Carolina at Chapel Hill
W7163693619,2026,ANALYZING THE COGNITIVE AND PSYCHOLOGICAL IMPACT OF INFLUENCE OPERATIONS ON YOUTH,
W7163702549,2026,ANALYZING THE COGNITIVE AND PSYCHOLOGICAL IMPACT OF INFLUENCE OPERATIONS ON YOUTH,
W7202066257,2026,"Comprendre l’entomophagie : diversité culturelle et caractéristiques comportementales des consommateurs, du Gabon à la Belgique",
W7131950841,2023,Influence of Covid 19-related measures on the work routine and the well-being of nurses on neonatology wards,
W2903771582,2018,A micro level model for assessing community development towards improved wellbeing,
W126061412,2020,Social and environmental influences on the welfare of zoo-housed spider monkeys (Ateles geoffroyi rufiventris),
W7132511086,2025,Experiences of Nurses in Dealing with Cases of Child Welfare Endangerment,
W7139484538,2025,Recovery orientation in psychiatry::The subjective experiences of people with affective disorders in recovery programs,
W7132244810,2025,Challenges of preclinical acute care for acute chest pain,
W3023817873,2018,Targeting voltage-gated sodium and calcium channels in primary sensory neurons for the development of chronic pain therapeutics,
W7134787395,2023,Marvel and the power of retromarketing : how Spiderman and Ironman have made an emotional connection with their audiences,
W7212205556,2026,Yeniden anlatımda çocukların ve yetişkinlerin içsel durumları multimodal olarak ifade etmesi,
W3192791235,2021,Understanding Values in Organizational Contexts: The Case of Species Conservation,
W7212422049,2026,Building Resilience in Children and Youth: Identifying best practices for preserving mental and emotional health during disasters,
W2898447161,2018,Social foraging and exploitative behaviour in group-living crab spiders,
W2274821259,2023,"Disgust Sensitivity and Fear of Contagion in Specific Phobia, Spider Type and Blood-Injection-Injury Type: An Experimental Analysis",
W2592170351,2017,Testing the efficacy of combining emotional writing and in vivo exposure in the treatment of small animal phobias,
W2767866499,2017,How slow can you go? : the joint effects of action preparation and emotion on the perception of time,
W7135627578,2022,The origin of specific phobia from spiders: Neurophysiological mechanisms vs. testing the assumptions of evolutionary theories explaining the origin of specific phobia from spiders,
W7171009447,2026,The Evolution of Heroic Masculinity in Superman (1978) and Spider-Man Homecoming (2017),
W7212465195,2026,Freie Titelübersetzung: Emotional burdens and coping strategies of nurses in pediatric oncology,
W7166597822,2026,Analysis of slang in the animated movie Spider-Man into the Spider-Verse (2018),
W3215236910,2021,Structural basis of the function of peptide inhibitors targeting voltage-gated sodium channel,
W7132092190,2024,Family-Centred Care in the Adult Intensive Care Unit: Family experience with Nursing Interventions to Meet the Needs of Critically Ill Patients,
W7166926236,2026,Variety-Seeking Jump Games in Networks,
W7116055954,2018,The effect of hydrocortisone on fear information processing and fear extinction,University of Oxford
W7204148695,2026,The development of an intervention program to optimize psychosocial support in prostate cancer patients undergoing active surveillance,
W7115941119,2025,Comprehensive insights into Obsessive-Compulsive Disorder,Ludwig-Maximilians-Universität München
W2809668605,2017,Intermittent theta burst stimulation (iTBS) in the treatment of anxiety disorders – From neurobiological underpinnings to clinical applications,
W3128451661,2021,The arachnophobe poet as natural historian: connecting poetic practice with the more-than-human world,James Cook University
W3127965904,2020,Effect of Anthropogenic Noise on Reef Macroinvertebrates (Lambis lambis and Tridacna maxima),King Abdullah University of Science and Technology
W7134052958,2026,"Rangeland improvement and biodiversity conservation through bush encroachment control in Southern Africa, Namibia",
W7217140913,2022,"TINGKAT PENGETAHUAN PETERNAK TENTANG TEKNOLOGI FERMENTASI JERAMI PADI SEBAGAI PAKAN TERNAK SAPI SEBELUM DAN SESUDAH PENYULUHAN DI DESA SALUKANAN, KECAMATAN BARAKA, KABUPATEN ENREKANG.",
W3138582188,2016,Ultra Violette par Raphaëlle Riol,
W7167222840,2026,"An AI Prompt for Driving AI Toward the Structural Core of the Qualia Problem IV — Convergence Points, Survival Constraints, Landauer-Type Irreversibility, Event-Formation, Umwelt, and the Structural Template of Feeling —",
W4388825722,2023,Frozen in time : accelerating trauma healing in protection of civilian (POC) sites in South Sudan,
W2776933817,2017,The ecology and evolution of individual behavioural variation,
W2789118691,2017,"The effect of food provisioning on the nutrient intake of wild and captive primates : implications for the conservation management of wild and captive populations : a thesis presented in partial fulfilment of the requirements for the degree of Doctorate of Philosophy in Ecology, Massey University, Albany, New Zealand",
W2905647275,2017,"I'm here, I'm listening : short stories",
W7139401066,2019,THE EFFECTS OF VERY BRIEF EXPOSURE ON SUBJECTIVE FEAR AND PHOBIC BELIEFS,
W2565127585,2016,Perspectivas interculturais dos professores de educação especial do Algarve,
W2601382410,2017,Design and implementation of a Scraping system for Sport News,
W3183812083,2017,"꽃잎 속 전갈, 잎새/벽의 달팽이: 버지니아 울프, 러시아 경계를 가로지르다",
W3006799280,2017,Interaktivna tekstilna slikovnica za početno usvajanje abecede,
W2753111045,2017,Negative Encoding Contexts Create a Downstream Memory Advantage for Foils,
W2792561433,2018,"Black Lives, White Quotation Marks : Textual Constructions of Selfhood in South African Multivoiced Life Writing",
W2963870203,2019,At the Intersection of American Sign Language and the Performer-Percussionist: A Hybrid Practice,
W3095307256,2020,"Filial Lines: Art Spiegelman, Alison Bechdel, and Comics Form",
W3212426712,2021,Domestication of wolves & 'Intimate with madness': metaphors for the mind and mental illness in confessional poetry,
W7126570754,2022,Temporal Dynamics of Attention Bias in Anxiety: An Eye Tracking Study,
W4388761264,2023,Variability in neural representations of fear: insights from computational modeling,Northeastern University;University of Washington
W7132358924,2023,Experiences and perceptions of patients with heart failure,
W7132412214,2023,Postmortem organ donation in the light of the experience of healthcare professionals,
W7132562913,2023,Communication with intubated ventilated patients,
W7132654572,2023,End of life with dementia : experiences of nursing staff in nursing homes,
W7132678718,2023,"""Back to everyday life"" : life after organ transplantation",
W7131925774,2024,The telephone follow-up by a Pelvic Care Nurse,
W7132085450,2024,Experienced symptoms and their effects in everyday life in adults with myalgic encephalomyelitis/chronic fatigue syndrome,
W7132099413,2024,The experiences of fathers of premature infants with the nursing staff in a Neonatal Intensive Care Unit (NICU),
W7132144960,2024,The experience of parents in a neonatal intensive care unit,
W7132182737,2024,"In the cradle of morality: a qualitative analysis of nurse's experiences, perceptions and needs in the context of moral distress:in neonatal intensive care units",
W7132235516,2024,"Experiences, challenges and perceptions of nurses dealing with suicidal patients within the psychiatric setting",
W7132254268,2024,Between Care and Ethical Boundaries: Experiences of Intensive Care Nurses in the Care of Potential Organ Donors with Brain Death Status,
W7132395295,2024,Experiences of children and adolescents with type 2 diabetes mellitus,
W7132398575,2024,Experience with simulations of emergency situations in nursing training,
W7132669259,2024,Effects of leg ulcers on quality of life:Experiences of those affected in everyday life,
W7132781236,2024,Attitudes and challenges of caregivers in dealing with self-injurious behaviour in patients,
W7135855297,2024,The relationship of biology teachers to animals,
W7127256511,2025,Enhancing guest experience of business travelers in Greece by implementing local hospitality traits,
W7131922453,2025,Parental experiences of nursing support for infants with cleft lip and palate during the first year of life,
W7131954784,2025,"ECMO in intensive care : the experiences, perceptions and challenges of intensive care nurses in the care of patients under extracorporeal membrane oxygenationhe title of your thesis here",
W7131965654,2025,Withdrawal from the First Breath : the Burden on Registered Nurses in Caring for Neonatal Abstinence Syndrome,
W7131970956,2025,Perceptions and experiences of healthcare professionals in dealing with lightly sedated or awake patients receiving invasive ventilation,
W7131975808,2025,"Experiences, challenges and perceptions of nursing students providing care for refugees and migrants",
W7132014394,2025,Needs and wishes of nurses in the emergency department,
W7132035184,2025,Experiences of patients with borderline personality disorder undergoing dialectical behavior therapy,
W7132041730,2025,Nursing competencies for promoting patient compliance with non-invasive ventilation in respiratory insufficiency,
W7132117376,2025,"Experiences, perceptions and challenges of parents with Family Centered Care in pediatric intensive care units",
W7132298687,2025,Providing care until the end: How oncological nurses perceive caring for patients in the terminal phase,
W7132346311,2025,What are the experiences of nurses in forensic psychiatric settings regarding aggressive and hostile behaviour from patients?,
W7132414492,2025,Missed Nursing Care – From the Patients' Perspective,
W7132449541,2025,The Path to Independence : Adolescents’ Experiences with Type 1 Diabetes in Managing Their Condition,
W7132461325,2025,The Role of the School Nurse in the Prevention of Human Papillomavirus: Students’ Attitudes and Perceptions,
W7132529489,2025,Skin to skin – heart to heart: How mothers and fathers experience kangaroo care in the neonatal intensive care units,
W7132562671,2025,"Living with endometriosis - experiences, perceptions and challenges of partners of people with endometriosis",
W7132575289,2025,Working with Adolescents with Anorexia Nervosa : Insights into Nursing Practice,
W7132625230,2025,Nurses in Suicide Prevention - Challenges and Coping Strategies,
W7132708308,2025,The Role of the Breast Care Nurse in Psychosocial Care: Perceptions of Patients with Metastatic Breast Cancer,
W7132725375,2025,The Role of the School Health Nurse in Everyday School Life : Perspectives of Children and Adolescents with Type 1 Diabetes,
W7139436330,2025,The experiences of nurses when accompanying patients who choose assisted suicide,
W7139744308,2025,"Nursing Care for Patients with Auditory Hallucinations - Experiences, Perceptions and Perspectives of Psychiatric Nurses",
W7160006983,2025,What experiences do nursing students have with palliative care and end-of-life care?,
W7214259267,2025,Everyday life of the adults with disabilities during the full-scale Russian invasion of Ukraine : dissertation to obtain the scientific degree of Doctor of Philosophy,
W7164020012,2025,The Impact of Childhood Trauma (Adverse Childhood Experiences) on the Mental Health of Adolescent and Adult Males,
W7111938509,2025,Paper One: The Experience of Participation in Trauma Focused Research: A Systematic Review of Qualitative Literature. Paper Two: Making Sense of Trauma in Later Life: An Interpretative Phenomenological Analysis,
W7168126312,2026,Cognitive “black boxes”: a philosophical examination of non-human minds and AI-driven science,
W7171334946,2026,Nurses’ Management of Delirium in the Terminal Phase of Life in an Palliative Care Setting.,
W7171335530,2026,The Experiences of Family Members Providing Home-Based :Hospice and Palliative Care to People with Terminal Cancer,
W7171335665,2026,When Words Fail: Experiencing Language Barriers in Communication:with Non-Native-Speaking Patients in Acute Care:from a Nursing Perspective,
W7171336944,2026,Experiences of Caregivers in Delirium Management,
W7171337734,2026,Between Care and Abuse - :Violence Against Caregivers in Adult Intensive Care Units,
W7171338326,2026,The Role of Nurses in Palliative and End-of-Life Care in the Neonatal Intensive Care Unit,
W7171339851,2026,Ethical Challenges and Moral Distress among registered :nurses in End-of-Life Care,
W7171340710,2026,Between Protection and Coercion: Experiences of nurses in intensive care units regarding the use of physical restraints.,
W7171341248,2026,Between Brace and Everyday Life – Experiences and Perceptions of Adolescents (10–18 years) with Brace Treatment for Adolescent Idiopathic Scoliosis,
W7171341421,2026,When Compassion Becomes Exhausting - Coping Strategies of Oncology Nurses in Managing Compassion Fatigue,
W7171342858,2026,“Words don’t come easy” Communication at the end of life from the perspective of nursing staff in residential long-term care,
W7171343608,2026,Please enter the title of your thesis here,
W7171343741,2026,Between health and illness::Perceptions of the risk of type 2 diabetes mellitus among adults with prediabetes,
W7171343958,2026,Experiences of health care professionals in interprofessional simulation‑based training,
W7171346016,2026,When the heart falls still - the experience of a miscarriage by women in the emergency room,
W7212414122,2026,"Zombies, Superpowers, and Apocalyptic Narratives: Building Interest in Nuclear Energy Among Women and Youth",University of Saskatchewan
W7212460415,2026,Freie Titelübersetzung: Experiences of nurses in dealing with suicidal patients in psychiatric institutions,
W7212461797,2026,Freie Titelübersetzung: End-of-life care in intensive care units - Challenges and nursing focuses in care from the perspective of nurses,
W7212463219,2026,Freie Titelübersetzung: Depression in long-term care: Nursing Staff`s and resident`s Perspectives,
W7212464856,2026,Freie Titelübersetzung: Patients Experiences with the ICU Diary as a Nursing Intervention,
W7220778760,2026,Flames and Fluids: Design Motivations for Painterly Stylization of Effects,Clemson University
W7139726093,2026,Effectively exploiting immersive technologies for enhanced user interaction,
W7197256444,2026,“Drivers’ Working Time Regulations and Their Psychological Well-Being and Social Functioning as a Management Challenge in Transport Companies”,
W7213989142,2026,Developing operational welfare indicators for the whiteleg shrimp,
W3152775492,2016,"Fishery sustainability and welfare of the edible crab, Cancer pagurus",
W2625303097,2017,"Ecosystem Services and Social Wellbeing Linkages: The Impact of a Marine Protected Area in Bluefields, Jamaica",
W3124733062,2021,Impact of food safety standards on the welfare of smallholder producers: The case for the shrimp value chain in Indonesia,The University of Western Australia
W7217587339,2023,Integrative physiology as a tool towards good animal welfare and sustainability in aquaculture: Focus on intestinal function and health,
W7217325651,2022,Analisis Pendapatan Dan Tingkat Kesejahteraan Rumah Tangga Pembudidaya Udang Di Kecamatan Petasia Timur Kabupaten Morowali Utara = Income Analysis And Household Welfare Levels od Shrimp Cultivators in Petasia Timur District Morowali Utara Regency,
W7217768800,2025,"ANALISIS DAMPAK USAHA TAMBAK UDANG VANNAME DALAM MENINGKATKAN KESEJAHTERAAN EKONOMI MASYARAKAT (Studi Kasus Desa Batupute Kecamatan Soppeng Riaja, Kabupaten Barru) = Analysis of the Impact of Vanname Shrimp Farming in Improving Community Economic Welfare (Case Study of Batupute Village, Soppeng Riaja District, Barru Regency)",
W7139206124,2026,Effects of anthropogenic change on animal cognition and emotion,
W2599258219,2016,"Shrimp-prawn farming in Bangladesh : impacts on livelihoods, food and nutritional security",
W7120774016,2020,Connectivity of local ecological knowledge among small-scale shrimp fishermen: drivers and influences on fishing productivity,
W7110525842,2025,STRATEGI TATA KELOLA BENIH BENING LOBSTER OLEH DINAS KELAUTAN DAN PERIKANAN PROVINSI LAMPUNG DI KABUPATEN PESISIR BARAT (Studi : Desa Pardasuka Kec. Ngaras Kab. Pesisir Barat),
W2604827944,2016,"Mythologizing and Demythologizing of Rural life in the Poetry of Gray, Goldsmith, and Crabbe",
W2899291283,2018,"Hidden socio-environmental costs of free trade : the case of shrimp pre-processing industry in Kerala, India",
W2479825760,2016,"Enskilled Bodies, Chronic Illness, and Autonomy Among Miskitu Lobster Divers In Atlantic Nicaragua",
W2768879807,2017,"Navigating the Tides: Indigenous Perspectives and Conventional Fisheries Management in the Tropical Rock Lobster Fishery, Torres Strait, Australia",
W2741327998,2017,"Pharmacokinetics, transcriptional changes and oxidative stress in pink shrimp (Pandalus montagui) exposed to teflubenzuron",
W7198012261,2023,Analysis of Fiordland commercial rock lobster (Jasus edwardsii) fishery subject to a network of marine protected areas,
W7120442409,2022,Different sources of dsRNA for activation of the RNA interference mechanism: protection of Litopenaeus vannamei shrimp against infectious myonecrosis virus,
W3102723298,2020,"The effects of sustainable aquaculture certification on the production, social and economic performance of small-scale prawn farmers in the Mekong Delta of Vietnam",
W2990546731,2019,Aplicabilidad y efectividad de la terapia floral de Bach y aromaterapia en el cuidado holístico de las personas: Una revisión bibliográfica,
W3087290119,2020,The biology and ecology of carcharhiniform sharks in the Gulf of Papua prawn trawl fishery,James Cook University
W7208586577,2026,Innovative nutritional and ecological approaches for sustainable european seabass aquaculture,
W3004195411,2020,"Ecological divergence of cryptic species of the atyid freshwater shrimps: Caridina indistincta and Paratya australiensis species complexes at different spatial scales in South-East Queensland, Australia",
W4364359133,2020,Development of nanostructured lipid carrier clove oil as anesthetic agent in white shrimp (Litopenaeus vannamei),
W7165090030,2026,Understanding the correlation between rainbow trout (Oncorhynchus mykiss) and Atlantic cod (Gadus morhua) farming: A new perspective on freshwater and marine cold-water aquaculture,
W2788021091,2017,Die Schuldthematik in Günter Grass„ „Im Krebsgang“ und Tanja Dückers„ „Himmelskörper“,
W7110594572,2025,TINGKAT KESEJAHTERAAN NELAYAN RAJUNGAN DI PESISIR TIMUR LAMPUNG,
W2744176637,2017,Analisis y comparacion de indicadores en la cria y engorde de litopenaeus vannamei en la provincia de El Oro,
W3111160149,2020,Efecto de los porcentajes y tipos de extensores cárnicos en las características físicas y rendimiento de nuggets de camarón,
W3136822567,2020,ANALISIS FAKTOR YANG MEMPENGARUHI NILAI TUKAR PETANI TAMBAK UDANG DI DESA KALISOGO KECAMATAN JABON KABUPATEN SIDOARJO,
W7112476327,2025,What's for Dinner: A Carbon and Nitrogen Stable Isotope Analysis of Carcinus maenas in Maine Salt Marshes,
W4282940825,2022,"Predicting the impacts of climate change on marine ecosystem structure and functioning in Doubtful Sound, Fiordland",Victoria University of Wellington
W2942015341,2018,"Mapping socio-ecological values: the use of geospatial tools to make informed decisions on the marine and coastal management areas surrounding Gros Morne National Park, Newfoundland",
W2747978863,2016,"Protección y conservación ambiental de la microcuenca Quebrada el Guarumo, cantón Arenillas y Las Lajas, provincia de El Oro.",
W2987487388,2019,A circular economy approach for sustainable feed in Swedish aquaculture: A nutrition and physiology perspective,
W7120431114,2024,"Desempenho zootécnico e expressão gênica em camarões Penaeus vannamei alimentados com rações suplementadas com as microalgas Arthrospira platensis, Chlorella vulgaris e Conticribra weissflogii",
W2279433582,2016,Blind estuaries during drought: The influences of a sandbar on mangrove trees,
W7111705688,2025,ANALISIS ETIKA EKONOMI ISLAM TERHADAP PRAKTIK PEMBUANGAN LIMBAH TAMBAK UDANG DI KABUPATEN SUMENEP,
W7120328404,2024,"Avaliação da eficácia, segurança e viabilidade bacteriológica de produtos probióticos utilizados na carcinicultura",
W7120456304,2020,Assessment of ecosystem services provided by coastal wetlands of the Piranhas-Açu estuarine zone (RN/NE - Brasil),
W7120463371,2022,Innovation Hotspots - challenges and opportunities for the sustainability of the carciniculture supply chain,
W2593560698,2016,Development of molecular tools to study Daphnia - parasite dynamics,Ludwig-Maximilians-Universität München
W7139361560,2021,Development of nutraceutical tablet from red dragon fruit hylocereus polyrhizus (weber) britton & rose,
W2909782235,2026,Non-native Bullhead in Scotland: Molecular and Morphological Identification and Parasite Links with Native Fauna,Edinburgh Napier University
W7126351427,2025,"Benthic and pelagic responses to endobenthic bioturbator (Kraussillichirus kraussi) density, temperature and eutrophication in a global change mesocosm experiment",
W4387254646,2023,Breeding for salinity tolerant tilapia,Wageningen University & Research
W7132946614,2021,Investigation into the novel application & utilisation of algae to aid in developing sustainable Irish freshwater aquaculture,
W2979489598,2019,Biodiversity and ecological functioning of mudflat macrofauna in the Anthropocene,
W3202459360,2021,Adaptation tipping points of salinity management for Boro season rice cultivation in the coastal areas of Bangladesh,
W3093549819,2019,Investigation of the microbial flora and immune function of abalone as indicators associated with Summer Mortality Syndrome and development of possible preventatives,
W7133420212,2019,Hydrocarbon and Metal Pollution of Eastern Niger Delta Ecosystems: Geographies of Impact and Contamination Assessment of Aquatic Foodchains in Rural Communities,
W2525034631,2016,Kind of turquoise - Effects of seafood eco-certification and sustainable consumption,
W2583413067,2016,"Food from the Sulawesi Sea, the need for integrated sea use planning",Wageningen University & Research
W2759624192,2017,Robo-ethics design approach for cultural heritage: Case study - Robotics for museum purpose,
W7120782166,2017,Occurence of actions and pratices sustainable of fishing in the Mundau-CE fisheries community,
W7120386047,2018,Tolerância à fauna silvestre na Mata Atlântica: um teste empírico em diferentes contextos ecológicos e espécies de mamíferos,
W2945067073,2018,"PERUBAHAN SOSIAL MASYARAKAT PASCA KEMITRAAN DENGAN PT WACHYUNI MANDIRA (studi kasus di Desa Bumi Pratama Mandira, Kecamatan Sungai Menang, Kabupaten Ogan Komering Ilir, Provinsi Sumatera Selatan)",
W2900734670,2018,Tolerance towards wildlife in the Atlantic forest: an empirical test across ecological contexts and mammal specie,
W2952595496,2019,"Nerves in patterns: synaptic space, neuroscience, and American modernist poetry",University of North Carolina at Chapel Hill
W3136599458,2021,The Lodge in the Wilderness: Ecologies of Contemplation in British Romantic Poetry,
W3190146872,2021,PESAN PENGORBANAN DALAM IKLAN(Analisis Wacana pada Iklan Tokopedia Jadikan Ramadan Kesempatan Terbaik),
W7119362771,2023,"Processos de mobilização do direito no desastre de mineração da Samarco no rio Doce: a luta pelo reconhecimento dos camaroeiros da Praia do Suá, Vitória/ES",
W7115971727,2025,Gaya Komunikasi Food Vlogger melalui Konten Mukbang (Studi Kasus pada Channel Youtube Nex Carlos),
W7135274957,2025,Flower Boys,
W7110559312,2025,UPAYA PENANGGULANGAN ILLEGAL FISHING DI WILAYAH PERAIRAN LAMPUNG (Studi Pada PSDKP DKP Provinsi Lampung),
W7164708321,2026,An analysis on proximity chat in games and the effects it has on the players,
W7163642272,2026,"Free-Dive: A Neurodivergent Autoethnographic Study of the Watery World, and a Critical Dissertation about its Composition in the Context of New Nature Writing and the Work of Kathleen Jamie and Kyo Maclear",
W2521486679,2016,Māori women’s perspectives of leadership and wellbeing,
W7161741692,2026,Functional investigation of molecular determinants of nociception in Octopus vulgaris,University of Southampton
W7135470422,2023,Sentience as criterion of moral status,
W2976441100,2018,Armed With Information: Cognition and Consciousness and the Octopus Nervous System,
W3082302876,2019,"Gradients of Sentience and Ethical Obligations: The Octopus, the Human, and the Robot",
W7134669612,2023,"Emotion and decision making in cuttlefish, Sepia",
W7220801223,2020,The role of small-scale squid fisheries in sustaining livelihoods and maintaining marine resources in the context of climate change,
W7163185419,2026,"The DNA Hard Drive Theory: Ultimate Verification from Plant Holographic Regeneration, Cephalopod Distributed Intelligence to iPSC Reprogramming",
W2791055115,2017,Octopus moms : the lived experiences of college students who are mothers,
W2949012558,2018,Writing the nonhuman : The octopus and I : anthropomorphism and posthumanism in narrative,
W7135071563,2026,When Emotions Guide Adolescents’ Media Use,
W7159902078,2026,"Weaving Performance - Washi, Weaving, and the Visibility of Emotion",
W2345773905,2016,Validation of the new fast perimetric strategy GATE (German Adaptive Thresholding Estimation) for static perimetry,
W7208111878,2026,Parasites in aquatic ecosystems: to aquaculture and public health perspectives,
W7127270102,2026,The Potential Role of Artificial Intelligence (AI) in Early Te Reo Māori Language Acquisition,
W7213485447,2026,The design and implementation of index insurance in fisheries,
W3012910596,2020,Definition of axonal injury tolerances across scales : A computational multiscale approach,
W2767499089,2017,The impact of colonial taxation system in Chirumanzu district from 1900- 1980.,
W7112277932,2025,Movie Poster Redesign,
W7220757088,2019,The influence of institutionalised regulations on the emotional wellbeing of non-traditional gender identifying tertiary graduates,
W7214917860,2026,Exploring resource availability for enhanced welfare & sustainability in the ornamental snail trade,University of the West of Scotland
W2626032396,2017,"Financial development, financial inclusion and welfare dynamics in sub-Saharan Africa",
W2809441877,2018,An Exploration of Alternative Anesthesia in the Difficult-to-Anesthetize New Zealand Freshwater Snail Potamopyrgus Antipodarum,
W2793157099,2017,Characterization of slug flow in microchannels: pressure drop and phase separation,
W7111893285,2024,Behavioural and neuromolecular responses of aquatic organisms to environmental changes,
W2782017445,2016,"Invasive alien species : a threat to sustainable livelihoods in the Pacific? : an assessment of the effects of Wasmannia auropunctata (little fire ant) and Achatina fulica (giant African snail) on rural livelihoods in the Solomon Islands : a dissertation presented in fulfilment of the requirements for the degree of Doctor of Philosophy in Development Studies, Massey University, Manawatū, New Zealand",
W3139402252,2020,Akachi Adimora-Ezeigbo's snail-sense feminism: a subtle womanist agenda For Nigerian children's and adults' literature,
W2916873750,2019,Neural and perceptual processing of emotional speech prosody in typically developed children and in children with autism spectrum disorder,
W7134731952,2023,Counting Snails,
W3127701131,2016,"The Age of Atmosphere: Air, Affect, and Technology in Modernist Literature",
W7108465187,2025,Videographic Ecocriticism: Environment and Affect in Iberian Moving Images,University of Massachusetts Amherst
W2971480276,2019,"Motricidad fina y su incidencia en el aprendizaje para mejorar el rendimiento académico de los estudiantes del cuarto año de educación básica de la Unidad Educativa Caracol del cantón Babahoyo, Provincia de Los Ríos",
W7115315792,2021,De makroekonomiska effekterna av covid-19 i Finland – en DSGE-scenarioanalys,
W2764228401,2017,Doživljaj deinstitucionalizacije djece od 0 - 7 godina u domovima socijalne skrbi iz perspektive socijalnih radnika,
W2989197913,2016,Effects of changes in import tariff on Nigerian palm oil industry,
W2791564960,2017,Why higher economic growth cannot always enhance human development,
W7208507571,2026,Three Essays on Employment Multipliers and Mortgage Types,
W3183860314,2020,On the secular stagnation puzzle: high profits meet low investment,
W7155582535,2025,"Exploring Neurotransmitter Dynamics in Neurodegenerative Diseases Using Fast-Scan Cyclic Voltammetry: Mechanisms, Models, and Therapeutic Insights",
W4414623327,2025,Essays in International Macroeconomics,
W3211382791,2020,Effectiveness of Child-Centered Play Therapy on Childhood Depression,Université de Toulouse
W4403166136,2024,Breakdown and Adaptation: The Western Allies and the Liberation of the Concentration Camps,
W7216869147,2022,"Struktur Komunitas Makrozoobentos pada Tandon Tambak Ecoshrimp, Desa Waetuoe, Kecamatan Lanrisang, Kabupaten Pinrang = Structure Of The Macrozoobentos Community In Ecoshrimp Pond Reservoir, Waetuoe Village, Lanrisang District, Pinrang Regency",
W7133038601,2024,Childhood Academic and Social Outcomes as a Function of Cognitive Disengagement Syndrome (CDS): Examining the Mediating Role of the Instructional Context,University of Toronto
W3140816888,2018,Essays on International Trade and Economic Development,
W2974679005,2019,Essays in International Trade,
W2947863492,2017,"Monitoring and assessment of macroinvertebrate communities in support of river health management in KwaZulu-Natal, South Africa.",
W7220767987,2021,Monitoring of a Cloud-Based IT Infrastructure,
W2739206478,2017,"Intestinal Parasites and Knowledge, Attitude and Practices (KAPs) among individuals who have River water Contact with Special Emphasis on Schistosoma Mansoni in Addiremets town, Western Tigray, Ethiopia",
W2808149228,2017,Strategic Change Management Practices and Performance of the Kenya Police Service,
W7152935495,2019,"Endogeeninen teknologinen kehitys ja makrotalous: Stagnaatio, matalat korot ja tuottavuuskasvun hidastuminen",
W7134942449,2021,Barrier function and immune modulation during group B streptococcal meningitis,
W3090289388,2020,Layered transition metal sulfide- based negative electrode materials for lithium and sodium ion batteries and their mechanistic studies,
W2794100782,2018,Selective breeding on natural antibodies in chickens,Wageningen University & Research
W7112914093,2019,Study on The Practice of Reside Justice in Social Enterprises－A Case Study of Guarantee and Rent,
W7111495604,2021,Using Smart Card Data to Explore Spatio-Temporal Behavior of Bus Passenger in Tainan City,
W3163450242,2021,The role of expectation formation for macroeconomic policy,
W2971956624,2019,Advanced Hierarchically 2D and 3D Nanostructured Materials for Electrochemical Clean Energy Conversion,
W2899381623,2018,SLOTZ: A Game-Based Measure of Problem Gambling,
W4205223134,2018,Controlling the oxygen evolution reaction activity of tunnel manganese oxide via post-synthesis treatment,Drexel University;University of Dhaka
W3015928224,2019,"Angiotensin AT2 receptor agonist, compound 21, prevents extracellular matrix degradation, maintains vascular integrity and prevents abdominal aortic aneurysm progression in the rat",
W7132583306,2019,Importance of individual dental hygiene and exogenous factors for the dental health of adolescents aged 15-18.,
W2979308174,2019,"Insensibilidad emocional: estructura, perfil evolutivo y relación con otras dimensiones",
W7126823412,2024,Implementation of digital health interventions in rehabilitation,
W7133284822,2026,"Spread of Antibiotic Resistance Genes (ARGs) in the marine ecosystem: exploring the relationship between environmental factors and the microbiome, resistome, growth and well-being of farmed mussels",
W2946213914,2019,"ASSESSING CONSUMER PREFERENCES FOR SUSTAINABILITY, EQUITY, AND WELFARE IN THE AQUARIUM TRADE",University of Rhode Island
W2995362623,2017,"Use of invertebrates to evaluate the threat of water resource use on the wellbeing of selected river dominated estuaries in KwaZulu-Natal, South Africa.",
W7203594693,2026,How do educational programs in a classroom setting impact the welfare of animal ambassadors and classroom pets? Where are there gaps in the knowledge?”,
W7220573383,2026,Knowledge of Primary School Students Regarding Selected Invertebrates Posing a Threat to Human Health,
W7153717771,2026,Health status of aquacultured bivalves and fish: immune responses of Mytilus galloprovincialis to bacterial isolates and monitoring growth of Sparus aurata and Dicentrarchus labrax,
W2567237159,2016,The Restorative Potential of Public Aquariums: Psychological and Physiological Effects of Viewing Sub-Aquatic Environments,
W3154636370,2021,Metabarcoding Invertebrate Communities in a Natural Park: From Methods to Diversity Patterns,
W7106026740,2025,"Cerebral Lateralisation in Kribensis (Pelvicachromis pulcher): A Focus on the Role of Sex, Emotion, Familiarity and Personality",
W7135875445,2025,Public interest in identifying invertebrates in the mirror of social networks,
W7111473328,2025,"All animals are equal, but… Equality and due care in animal law",
W7198020970,2025,Speculative fabulation and lingering with multispecies worlds in environmental education,
W2800366886,2018,Combinational Therapy to Mitigate α-Dicarbonyl Toxicity,Dominican University of California
W7220189953,2026,Meadow Ecosystem in the Teaching of Biology at Lower Secondary School,
W2992750907,2018,"Response of estuarine and freshwater macroinvertebrate assemblages to habitat, water quality, flow and land use change in the lowland Amatikulu/Nyoni catchment.",
W4390739946,2023,Mycelium,Fort Hays State University
W2287625796,2016,Perspectives on Current Knowledge and Conservation of Freshwater Mussels (Bivalvia: Unionoida),
W2529671085,2016,Contrasts in stream water chemistry impact aquatic ecosystem functioning in an agricultural landscape,
W7124154612,2025,Looking to the past to conserve present-day diversity,University of Oxford
W3024217193,2016,"Determinação da variação do fator de perda de carga em sistemas fluido mecânicos por ação de bio incrustantes, o caso do Limnoperna Fortunei: uma correlação com o tempo de operação desses sistemas",
W2893448274,2018,Water temperature and food availability influence brown trout (Salmo trutta) and rainbow trout (Oncorhynchus mykiss) population dynamics in the Cardrona River: implications for flow regime management,
W3195340588,2021,"Fisheries Food Webs: Quantifying Habitat-use, Trophic Structure, and Energetic Pathways in Coastal Tanzania",Louisiana State University
W7165087487,2026,How design can help a coral reef : The importance of design and the design process in coral restoration.,
W2972147422,2018,Influência da taxa de infestação de Limnoperna fortunei no aumento da perda de carga em sistemas hidráulicos,
W4285726897,2022,The effect of different feeding regimes on recent nutritional and growth measurements in juvenile California Killifish (Fundulus parvipinnis),University of San Diego
W2972674209,2019,"Exploring Diversified Vineyard Ecological Soil Management Strategies: Impacts of cover cropping, Spanish River Carbonatite, and smooth pigweed (Amaranthus hybridus) interactions on an agroecosystem",
W2725030874,2016,Understanding and governing the social-ecological impacts of industrial development in the coastal zone: A transdisciplinary case study analysis of Liquefied Natural Gas development in the Great Barrier Reef World Heritage Area,
W7163339864,2026,"Eukaryotic mRNA Transcriptomics, Anthozoa Innate Immune Systems, & Apoptotic Immune-Surveillance of Symbiodiniaceae Endosymbionts in Scleractinia Corals",
W7217550947,2024,Drivers affecting seagrass meadows: An approach for conservation and restoration in Mozambique,
W2747868157,2017,The current and future risk of harmful algal blooms in the North Sea = Het huidig en toekomstig risico voor schadelijke algenbloei in de Noordzee,
W7119418754,2020,Adição de esterco e pedoturbação em pastagens do noroeste do Rio Grande do Sul,
W2602335827,2016,Mineral and organic pollution in river Sabor (Northeastern Portugal): ecotoxicological effects on freshwater fauna,
W7108214922,2025,Laboratory approaches for expanding the understanding of an emerging strain of Erysipelothrix rhusiopathiae in the Arctic,
W7199181921,2025,Biological and genomic responses of juvenile Pacific oysters (Crassostrea gigas) to a changing ocean,
W2232738693,2016,Ecological impacts of biodiversity enrichment in oil palm plantations,Friedrich Schiller University Jena;German Centre for Integrative Biodiversity Research
W3045419895,2017,A study on vaginal discharge in females attending sexually transmitted disease outpatient department,
W2899045682,2017,Integrating indigenous knowledge systems into indigenous agricultural and industrial water management that impacts changes in riverine biodiversity: a conservation perspective,
W2285412015,2016,Land-use impacts on biodiversity and ecosystem functioning of complex multitrophic communities,
W2939137308,2018,Microbial communities associated with bacillary necrosis of Australian blue mussel (Mytilus galloprovincialis Lamarck): a study using model larval cultures,
W2464995501,2016,"Patterns, determinants, and management of freshwater biodiversity in Europe",
W2751057369,2017,Dissolution of Abiogenic and Biogenic Calcium Carbonate under Ocean Acidification Conditions,
W7111800901,2023,Linkages between biodiversity and ecosystem services: an assessment of land use change along altitudinal and climatic gradients in the highlands of northern Ecuador,Gembloux Agro-Bio Tech;University of Liège
W2528784149,2016,Valutazione del rischio ecologico e sviluppo di strategie innovative per il monitoraggio della qualita’ dei corpi idrici: applicazione di un nuovo approccio integrato in un bacino pilota.,
W7111419087,2025,Toxicological Effects of Tobacco Effluents on Hormonal Levels in Hybrid Catfish and Ameliorative Potentials of Pawpaw Leaf-Based Diet,University of Ilorin
W2901453121,2016,The Unitarian physiologist: science and religion in the life and work of William Benjamin Carpenter (1813-1885),University of Oxford
W7106560477,2025,Pannihilism and the Constant Subconscious: Unconscious Reproductive Mechanisms and the Local Illusion of Existence,
W2915884359,2018,"Vegetarijanstvo, vjerovanje u životinjski um i empatija prema životinjama",
W2969258034,2019,Cellular stress induces RIS dependent sleep and ALA dependent sedation via EGF receptor signaling in Caenorhabditis elegans,
W4287538583,2021,Feral Modernisms,
W7106496158,2025,Pannihilism and the Constant Subconscious: Unconscious Reproductive Mechanisms and the Local Illusion of Existence,
